file,line,type,commit,author,date,time,timezone,datetime,depth,length
style.css,1,css,a0a89ced,d3kong,2025-04-16,22:14:35,-07:00,2025-04-16T22:14:35-07:00,0,23
style.css,2,css,a0a89ced,d3kong,2025-04-16,22:14:35,-07:00,2025-04-16T22:14:35-07:00,0,6
style.css,3,css,a0a89ced,d3kong,2025-04-16,22:14:35,-07:00,2025-04-16T22:14:35-07:00,0,21
style.css,4,css,a0a89ced,d3kong,2025-04-16,22:14:35,-07:00,2025-04-16T22:14:35-07:00,0,17
style.css,5,css,79177bc0,d3kong,2025-04-18,11:04:21,-07:00,2025-04-18T11:04:21-07:00,0,31
style.css,6,css,a0a89ced,d3kong,2025-04-16,22:14:35,-07:00,2025-04-16T22:14:35-07:00,0,0
style.css,7,css,a0a89ced,d3kong,2025-04-16,22:14:35,-07:00,2025-04-16T22:14:35-07:00,0,0
style.css,8,css,a0a89ced,d3kong,2025-04-16,22:14:35,-07:00,2025-04-16T22:14:35-07:00,0,20
style.css,9,css,ee42d0ab,d3kong,2025-04-16,22:18:54,-07:00,2025-04-16T22:18:54-07:00,0,32
style.css,10,css,a0a89ced,d3kong,2025-04-16,22:14:35,-07:00,2025-04-16T22:14:35-07:00,0,19
style.css,11,css,a0a89ced,d3kong,2025-04-16,22:14:35,-07:00,2025-04-16T22:14:35-07:00,0,21
style.css,12,css,a0a89ced,d3kong,2025-04-16,22:14:35,-07:00,2025-04-16T22:14:35-07:00,0,0
style.css,13,css,a0a89ced,d3kong,2025-04-16,22:14:35,-07:00,2025-04-16T22:14:35-07:00,0,0
style.css,14,css,2960aba6,d3kong,2025-04-06,23:12:45,-07:00,2025-04-06T23:12:45-07:00,0,5
style.css,15,css,2960aba6,d3kong,2025-04-06,23:12:45,-07:00,2025-04-06T23:12:45-07:00,0,44
style.css,16,css,2960aba6,d3kong,2025-04-06,23:12:45,-07:00,2025-04-06T23:12:45-07:00,0,43
style.css,17,css,2960aba6,d3kong,2025-04-06,23:12:45,-07:00,2025-04-06T23:12:45-07:00,0,1
style.css,18,css,2960aba6,d3kong,2025-04-06,23:12:45,-07:00,2025-04-06T23:12:45-07:00,0,24
style.css,19,css,dc83a9c4,d3kong,2025-04-16,21:53:20,-07:00,2025-04-16T21:53:20-07:00,0,33
style.css,20,css,dc83a9c4,d3kong,2025-04-16,21:53:20,-07:00,2025-04-16T21:53:20-07:00,0,24
style.css,21,css,864d7441,d3kong,2025-04-08,15:54:42,-07:00,2025-04-08T15:54:42-07:00,0,16
style.css,22,css,864d7441,d3kong,2025-04-08,15:54:42,-07:00,2025-04-08T15:54:42-07:00,0,19
style.css,23,css,864d7441,d3kong,2025-04-08,15:54:42,-07:00,2025-04-08T15:54:42-07:00,0,19
style.css,24,css,dc83a9c4,d3kong,2025-04-16,21:53:20,-07:00,2025-04-16T21:53:20-07:00,0,19
style.css,25,css,864d7441,d3kong,2025-04-08,15:54:42,-07:00,2025-04-08T15:54:42-07:00,0,0
style.css,26,css,864d7441,d3kong,2025-04-08,15:54:42,-07:00,2025-04-08T15:54:42-07:00,0,4
style.css,27,css,864d7441,d3kong,2025-04-08,15:54:42,-07:00,2025-04-08T15:54:42-07:00,0,13
style.css,28,css,864d7441,d3kong,2025-04-08,15:54:42,-07:00,2025-04-08T15:54:42-07:00,0,29
style.css,29,css,ee42d0ab,d3kong,2025-04-16,22:18:54,-07:00,2025-04-16T22:18:54-07:00,0,44
style.css,30,css,864d7441,d3kong,2025-04-08,15:54:42,-07:00,2025-04-08T15:54:42-07:00,0,19
style.css,31,css,864d7441,d3kong,2025-04-08,15:54:42,-07:00,2025-04-08T15:54:42-07:00,0,0
style.css,32,css,864d7441,d3kong,2025-04-08,15:54:42,-07:00,2025-04-08T15:54:42-07:00,0,6
style.css,33,css,864d7441,d3kong,2025-04-08,15:54:42,-07:00,2025-04-08T15:54:42-07:00,0,21
style.css,34,css,ee42d0ab,d3kong,2025-04-16,22:18:54,-07:00,2025-04-16T22:18:54-07:00,0,24
style.css,35,css,864d7441,d3kong,2025-04-08,15:54:42,-07:00,2025-04-08T15:54:42-07:00,0,18
style.css,36,css,864d7441,d3kong,2025-04-08,15:54:42,-07:00,2025-04-08T15:54:42-07:00,0,14
style.css,37,css,864d7441,d3kong,2025-04-08,15:54:42,-07:00,2025-04-08T15:54:42-07:00,0,0
style.css,38,css,864d7441,d3kong,2025-04-08,15:54:42,-07:00,2025-04-08T15:54:42-07:00,0,0
style.css,39,css,864d7441,d3kong,2025-04-08,15:54:42,-07:00,2025-04-08T15:54:42-07:00,0,12
style.css,40,css,864d7441,d3kong,2025-04-08,15:54:42,-07:00,2025-04-08T15:54:42-07:00,0,46
style.css,41,css,864d7441,d3kong,2025-04-08,15:54:42,-07:00,2025-04-08T15:54:42-07:00,0,0
style.css,42,css,864d7441,d3kong,2025-04-08,15:54:42,-07:00,2025-04-08T15:54:42-07:00,0,0
style.css,43,css,014a44be,d3kong,2025-04-16,20:56:23,-07:00,2025-04-16T20:56:23-07:00,0,27
style.css,44,css,014a44be,d3kong,2025-04-16,20:56:23,-07:00,2025-04-16T20:56:23-07:00,0,17
style.css,45,css,014a44be,d3kong,2025-04-16,20:56:23,-07:00,2025-04-16T20:56:23-07:00,0,26
style.css,46,css,014a44be,d3kong,2025-04-16,20:56:23,-07:00,2025-04-16T20:56:23-07:00,0,0
style.css,47,css,014a44be,d3kong,2025-04-16,20:56:23,-07:00,2025-04-16T20:56:23-07:00,0,0
style.css,48,css,864d7441,d3kong,2025-04-08,15:54:42,-07:00,2025-04-08T15:54:42-07:00,0,5
style.css,49,css,864d7441,d3kong,2025-04-08,15:54:42,-07:00,2025-04-08T15:54:42-07:00,0,33
style.css,50,css,864d7441,d3kong,2025-04-08,15:54:42,-07:00,2025-04-08T15:54:42-07:00,0,0
style.css,51,css,864d7441,d3kong,2025-04-08,15:54:42,-07:00,2025-04-08T15:54:42-07:00,0,0
style.css,52,css,864d7441,d3kong,2025-04-08,15:54:42,-07:00,2025-04-08T15:54:42-07:00,0,25
style.css,53,css,864d7441,d3kong,2025-04-08,15:54:42,-07:00,2025-04-08T15:54:42-07:00,0,5
style.css,54,css,196182cd,d3kong,2025-04-18,11:02:45,-07:00,2025-04-18T11:02:45-07:00,0,13
style.css,55,css,196182cd,d3kong,2025-04-18,11:02:45,-07:00,2025-04-18T11:02:45-07:00,0,8
style.css,56,css,196182cd,d3kong,2025-04-18,11:02:45,-07:00,2025-04-18T11:02:45-07:00,0,16
style.css,57,css,196182cd,d3kong,2025-04-18,11:02:45,-07:00,2025-04-18T11:02:45-07:00,0,16
style.css,58,css,196182cd,d3kong,2025-04-18,11:02:45,-07:00,2025-04-18T11:02:45-07:00,0,12
style.css,59,css,196182cd,d3kong,2025-04-18,11:02:45,-07:00,2025-04-18T11:02:45-07:00,0,33
style.css,60,css,196182cd,d3kong,2025-04-18,11:02:45,-07:00,2025-04-18T11:02:45-07:00,0,38
style.css,61,css,196182cd,d3kong,2025-04-18,11:02:45,-07:00,2025-04-18T11:02:45-07:00,0,19
style.css,62,css,864d7441,d3kong,2025-04-08,15:54:42,-07:00,2025-04-08T15:54:42-07:00,0,0
style.css,63,css,864d7441,d3kong,2025-04-08,15:54:42,-07:00,2025-04-08T15:54:42-07:00,0,0
style.css,64,css,864d7441,d3kong,2025-04-08,15:54:42,-07:00,2025-04-08T15:54:42-07:00,0,11
style.css,65,css,196182cd,d3kong,2025-04-18,11:02:45,-07:00,2025-04-18T11:02:45-07:00,0,17
style.css,66,css,864d7441,d3kong,2025-04-08,15:54:42,-07:00,2025-04-08T15:54:42-07:00,0,0
style.css,67,css,864d7441,d3kong,2025-04-08,15:54:42,-07:00,2025-04-08T15:54:42-07:00,0,0
style.css,68,css,864d7441,d3kong,2025-04-08,15:54:42,-07:00,2025-04-08T15:54:42-07:00,0,39
style.css,69,css,196182cd,d3kong,2025-04-18,11:02:45,-07:00,2025-04-18T11:02:45-07:00,0,13
style.css,70,css,864d7441,d3kong,2025-04-08,15:54:42,-07:00,2025-04-08T15:54:42-07:00,0,14
style.css,71,css,196182cd,d3kong,2025-04-18,11:02:45,-07:00,2025-04-18T11:02:45-07:00,0,37
style.css,72,css,196182cd,d3kong,2025-04-18,11:02:45,-07:00,2025-04-18T11:02:45-07:00,0,18
style.css,73,css,196182cd,d3kong,2025-04-18,11:02:45,-07:00,2025-04-18T11:02:45-07:00,0,33
style.css,74,css,196182cd,d3kong,2025-04-18,11:02:45,-07:00,2025-04-18T11:02:45-07:00,0,24
style.css,75,css,196182cd,d3kong,2025-04-18,11:02:45,-07:00,2025-04-18T11:02:45-07:00,0,0
style.css,76,css,196182cd,d3kong,2025-04-18,11:02:45,-07:00,2025-04-18T11:02:45-07:00,0,0
style.css,77,css,196182cd,d3kong,2025-04-18,11:02:45,-07:00,2025-04-18T11:02:45-07:00,0,12
style.css,78,css,196182cd,d3kong,2025-04-18,11:02:45,-07:00,2025-04-18T11:02:45-07:00,0,37
style.css,79,css,196182cd,d3kong,2025-04-18,11:02:45,-07:00,2025-04-18T11:02:45-07:00,0,22
style.css,80,css,196182cd,d3kong,2025-04-18,11:02:45,-07:00,2025-04-18T11:02:45-07:00,0,17
style.css,81,css,196182cd,d3kong,2025-04-18,11:02:45,-07:00,2025-04-18T11:02:45-07:00,0,15
style.css,82,css,196182cd,d3kong,2025-04-18,11:02:45,-07:00,2025-04-18T11:02:45-07:00,0,38
style.css,83,css,dd1f0db2,d3kong,2025-04-10,13:11:00,-07:00,2025-04-10T13:11:00-07:00,0,0
style.css,84,css,dd1f0db2,d3kong,2025-04-10,13:11:00,-07:00,2025-04-10T13:11:00-07:00,0,0
style.css,85,css,dd1f0db2,d3kong,2025-04-10,13:11:00,-07:00,2025-04-10T13:11:00-07:00,0,10
style.css,86,css,dd1f0db2,d3kong,2025-04-10,13:11:00,-07:00,2025-04-10T13:11:00-07:00,0,13
style.css,87,css,dd1f0db2,d3kong,2025-04-10,13:11:00,-07:00,2025-04-10T13:11:00-07:00,0,59
style.css,88,css,dd1f0db2,d3kong,2025-04-10,13:11:00,-07:00,2025-04-10T13:11:00-07:00,0,8
style.css,89,css,dd1f0db2,d3kong,2025-04-10,13:11:00,-07:00,2025-04-10T13:11:00-07:00,0,15
style.css,90,css,dd1f0db2,d3kong,2025-04-10,13:11:00,-07:00,2025-04-10T13:11:00-07:00,0,0
style.css,91,css,dd1f0db2,d3kong,2025-04-10,13:11:00,-07:00,2025-04-10T13:11:00-07:00,0,0
style.css,92,css,196182cd,d3kong,2025-04-18,11:02:45,-07:00,2025-04-18T11:02:45-07:00,0,18
style.css,93,css,196182cd,d3kong,2025-04-18,11:02:45,-07:00,2025-04-18T11:02:45-07:00,0,13
style.css,94,css,196182cd,d3kong,2025-04-18,11:02:45,-07:00,2025-04-18T11:02:45-07:00,0,0
style.css,95,css,196182cd,d3kong,2025-04-18,11:02:45,-07:00,2025-04-18T11:02:45-07:00,0,0
style.css,96,css,dd1f0db2,d3kong,2025-04-10,13:11:00,-07:00,2025-04-10T13:11:00-07:00,0,18
style.css,97,css,30e31888,d3kong,2025-04-16,22:01:24,-07:00,2025-04-16T22:01:24-07:00,0,33
style.css,98,css,dd1f0db2,d3kong,2025-04-10,13:11:00,-07:00,2025-04-10T13:11:00-07:00,0,12
style.css,99,css,dd1f0db2,d3kong,2025-04-10,13:11:00,-07:00,2025-04-10T13:11:00-07:00,0,19
style.css,100,css,30e31888,d3kong,2025-04-16,22:01:24,-07:00,2025-04-16T22:01:24-07:00,0,37
style.css,101,css,dd1f0db2,d3kong,2025-04-10,13:11:00,-07:00,2025-04-10T13:11:00-07:00,0,18
style.css,102,css,dd1f0db2,d3kong,2025-04-10,13:11:00,-07:00,2025-04-10T13:11:00-07:00,0,0
style.css,103,css,dd1f0db2,d3kong,2025-04-10,13:11:00,-07:00,2025-04-10T13:11:00-07:00,0,0
style.css,104,css,dd1f0db2,d3kong,2025-04-10,13:11:00,-07:00,2025-04-10T13:11:00-07:00,0,14
style.css,105,css,dd1f0db2,d3kong,2025-04-10,13:11:00,-07:00,2025-04-10T13:11:00-07:00,0,15
style.css,106,css,dd1f0db2,d3kong,2025-04-10,13:11:00,-07:00,2025-04-10T13:11:00-07:00,0,12
style.css,107,css,dd1f0db2,d3kong,2025-04-10,13:11:00,-07:00,2025-04-10T13:11:00-07:00,0,18
style.css,108,css,dd1f0db2,d3kong,2025-04-10,13:11:00,-07:00,2025-04-10T13:11:00-07:00,0,0
style.css,109,css,dd1f0db2,d3kong,2025-04-10,13:11:00,-07:00,2025-04-10T13:11:00-07:00,0,0
style.css,110,css,dd1f0db2,d3kong,2025-04-10,13:11:00,-07:00,2025-04-10T13:11:00-07:00,0,13
style.css,111,css,dd1f0db2,d3kong,2025-04-10,13:11:00,-07:00,2025-04-10T13:11:00-07:00,0,17
style.css,112,css,dd1f0db2,d3kong,2025-04-10,13:11:00,-07:00,2025-04-10T13:11:00-07:00,0,17
style.css,113,css,610c2a52,d3kong,2025-04-10,13:13:16,-07:00,2025-04-10T13:13:16-07:00,0,0
style.css,114,css,610c2a52,d3kong,2025-04-10,13:13:16,-07:00,2025-04-10T13:13:16-07:00,0,0
style.css,115,css,416f4176,d3kong,2025-04-23,20:49:52,-07:00,2025-04-23T20:49:52-07:00,0,14
style.css,116,css,416f4176,d3kong,2025-04-23,20:49:52,-07:00,2025-04-23T20:49:52-07:00,0,13
style.css,117,css,416f4176,d3kong,2025-04-23,20:49:52,-07:00,2025-04-23T20:49:52-07:00,0,59
style.css,118,css,416f4176,d3kong,2025-04-23,20:49:52,-07:00,2025-04-23T20:49:52-07:00,0,9
style.css,119,css,416f4176,d3kong,2025-04-23,20:49:52,-07:00,2025-04-23T20:49:52-07:00,0,18
style.css,120,css,416f4176,d3kong,2025-04-23,20:49:52,-07:00,2025-04-23T20:49:52-07:00,0,15
style.css,121,css,416f4176,d3kong,2025-04-23,20:49:52,-07:00,2025-04-23T20:49:52-07:00,0,0
style.css,122,css,416f4176,d3kong,2025-04-23,20:49:52,-07:00,2025-04-23T20:49:52-07:00,0,0
style.css,123,css,416f4176,d3kong,2025-04-23,20:49:52,-07:00,2025-04-23T20:49:52-07:00,0,20
style.css,124,css,107d52d9,d3kong,2025-04-23,20:54:29,-07:00,2025-04-23T20:54:29-07:00,0,22
style.css,125,css,416f4176,d3kong,2025-04-23,20:49:52,-07:00,2025-04-23T20:49:52-07:00,0,19
style.css,126,css,416f4176,d3kong,2025-04-23,20:49:52,-07:00,2025-04-23T20:49:52-07:00,0,13
style.css,127,css,416f4176,d3kong,2025-04-23,20:49:52,-07:00,2025-04-23T20:49:52-07:00,0,41
style.css,128,css,416f4176,d3kong,2025-04-23,20:49:52,-07:00,2025-04-23T20:49:52-07:00,0,18
style.css,129,css,416f4176,d3kong,2025-04-23,20:49:52,-07:00,2025-04-23T20:49:52-07:00,0,31
style.css,130,css,416f4176,d3kong,2025-04-23,20:49:52,-07:00,2025-04-23T20:49:52-07:00,0,0
style.css,131,css,416f4176,d3kong,2025-04-23,20:49:52,-07:00,2025-04-23T20:49:52-07:00,0,0
style.css,132,css,416f4176,d3kong,2025-04-23,20:49:52,-07:00,2025-04-23T20:49:52-07:00,0,26
style.css,133,css,416f4176,d3kong,2025-04-23,20:49:52,-07:00,2025-04-23T20:49:52-07:00,0,27
style.css,134,css,416f4176,d3kong,2025-04-23,20:49:52,-07:00,2025-04-23T20:49:52-07:00,0,0
style.css,135,css,416f4176,d3kong,2025-04-23,20:49:52,-07:00,2025-04-23T20:49:52-07:00,0,0
style.css,136,css,416f4176,d3kong,2025-04-23,20:49:52,-07:00,2025-04-23T20:49:52-07:00,0,17
style.css,137,css,416f4176,d3kong,2025-04-23,20:49:52,-07:00,2025-04-23T20:49:52-07:00,0,17
style.css,138,css,416f4176,d3kong,2025-04-23,20:49:52,-07:00,2025-04-23T20:49:52-07:00,0,16
style.css,139,css,416f4176,d3kong,2025-04-23,20:49:52,-07:00,2025-04-23T20:49:52-07:00,0,26
style.css,140,css,416f4176,d3kong,2025-04-23,20:49:52,-07:00,2025-04-23T20:49:52-07:00,0,21
style.css,141,css,416f4176,d3kong,2025-04-23,20:49:52,-07:00,2025-04-23T20:49:52-07:00,0,0
style.css,142,css,416f4176,d3kong,2025-04-23,20:49:52,-07:00,2025-04-23T20:49:52-07:00,0,0
style.css,143,css,416f4176,d3kong,2025-04-23,20:49:52,-07:00,2025-04-23T20:49:52-07:00,0,17
style.css,144,css,416f4176,d3kong,2025-04-23,20:49:52,-07:00,2025-04-23T20:49:52-07:00,0,17
style.css,145,css,416f4176,d3kong,2025-04-23,20:49:52,-07:00,2025-04-23T20:49:52-07:00,0,17
style.css,146,css,416f4176,d3kong,2025-04-23,20:49:52,-07:00,2025-04-23T20:49:52-07:00,0,9
style.css,147,css,416f4176,d3kong,2025-04-23,20:49:52,-07:00,2025-04-23T20:49:52-07:00,0,24
style.css,148,css,416f4176,d3kong,2025-04-23,20:49:52,-07:00,2025-04-23T20:49:52-07:00,0,0
style.css,149,css,416f4176,d3kong,2025-04-23,20:49:52,-07:00,2025-04-23T20:49:52-07:00,0,0
style.css,150,css,31696827,d3kong,2025-04-30,15:36:48,-07:00,2025-04-30T15:36:48-07:00,0,14
style.css,151,css,31696827,d3kong,2025-04-30,15:36:48,-07:00,2025-04-30T15:36:48-07:00,0,31
style.css,152,css,31696827,d3kong,2025-04-30,15:36:48,-07:00,2025-04-30T15:36:48-07:00,0,16
style.css,153,css,31696827,d3kong,2025-04-30,15:36:48,-07:00,2025-04-30T15:36:48-07:00,0,11
style.css,154,css,31696827,d3kong,2025-04-30,15:36:48,-07:00,2025-04-30T15:36:48-07:00,0,35
style.css,155,css,31696827,d3kong,2025-04-30,15:36:48,-07:00,2025-04-30T15:36:48-07:00,0,0
style.css,156,css,31696827,d3kong,2025-04-30,15:36:48,-07:00,2025-04-30T15:36:48-07:00,0,0
style.css,157,css,610c2a52,d3kong,2025-04-10,13:13:16,-07:00,2025-04-10T13:13:16-07:00,0,8
style.css,158,css,610c2a52,d3kong,2025-04-10,13:13:16,-07:00,2025-04-10T13:13:16-07:00,0,15
style.css,159,css,610c2a52,d3kong,2025-04-10,13:13:16,-07:00,2025-04-10T13:13:16-07:00,0,16
style.css,160,css,610c2a52,d3kong,2025-04-10,13:13:16,-07:00,2025-04-10T13:13:16-07:00,0,16
style.css,161,css,610c2a52,d3kong,2025-04-10,13:13:16,-07:00,2025-04-10T13:13:16-07:00,0,15
style.css,162,css,610c2a52,d3kong,2025-04-10,13:13:16,-07:00,2025-04-10T13:13:16-07:00,0,14
style.css,163,css,610c2a52,d3kong,2025-04-10,13:13:16,-07:00,2025-04-10T13:13:16-07:00,0,0
style.css,164,css,610c2a52,d3kong,2025-04-10,13:13:16,-07:00,2025-04-10T13:13:16-07:00,0,0
style.css,165,css,610c2a52,d3kong,2025-04-10,13:13:16,-07:00,2025-04-10T13:13:16-07:00,0,11
style.css,166,css,610c2a52,d3kong,2025-04-10,13:13:16,-07:00,2025-04-10T13:13:16-07:00,0,15
style.css,167,css,610c2a52,d3kong,2025-04-10,13:13:16,-07:00,2025-04-10T13:13:16-07:00,0,20
style.css,168,css,610c2a52,d3kong,2025-04-10,13:13:16,-07:00,2025-04-10T13:13:16-07:00,0,18
style.css,169,css,610c2a52,d3kong,2025-04-10,13:13:16,-07:00,2025-04-10T13:13:16-07:00,0,0
style.css,170,css,610c2a52,d3kong,2025-04-10,13:13:16,-07:00,2025-04-10T13:13:16-07:00,0,0
style.css,171,css,610c2a52,d3kong,2025-04-10,13:13:16,-07:00,2025-04-10T13:13:16-07:00,0,10
style.css,172,css,610c2a52,d3kong,2025-04-10,13:13:16,-07:00,2025-04-10T13:13:16-07:00,0,21
style.css,173,css,610c2a52,d3kong,2025-04-10,13:13:16,-07:00,2025-04-10T13:13:16-07:00,0,15
style.css,174,css,610c2a52,d3kong,2025-04-10,13:13:16,-07:00,2025-04-10T13:13:16-07:00,0,18
style.css,175,css,610c2a52,d3kong,2025-04-10,13:13:16,-07:00,2025-04-10T13:13:16-07:00,0,37
style.css,176,css,30e31888,d3kong,2025-04-16,22:01:24,-07:00,2025-04-16T22:01:24-07:00,0,22
style.css,177,css,610c2a52,d3kong,2025-04-10,13:13:16,-07:00,2025-04-10T13:13:16-07:00,0,21
style.css,178,css,610c2a52,d3kong,2025-04-10,13:13:16,-07:00,2025-04-10T13:13:16-07:00,0,18
style.css,179,css,610c2a52,d3kong,2025-04-10,13:13:16,-07:00,2025-04-10T13:13:16-07:00,0,0
style.css,180,css,610c2a52,d3kong,2025-04-10,13:13:16,-07:00,2025-04-10T13:13:16-07:00,0,0
style.css,181,css,610c2a52,d3kong,2025-04-10,13:13:16,-07:00,2025-04-10T13:13:16-07:00,0,16
style.css,182,css,610c2a52,d3kong,2025-04-10,13:13:16,-07:00,2025-04-10T13:13:16-07:00,0,13
style.css,183,css,d0fb290b,d3kong,2025-04-30,16:14:41,-07:00,2025-04-30T16:14:41-07:00,0,0
style.css,184,css,d0fb290b,d3kong,2025-04-30,16:14:41,-07:00,2025-04-30T16:14:41-07:00,0,0
style.css,185,css,d0fb290b,d3kong,2025-04-30,16:14:41,-07:00,2025-04-30T16:14:41-07:00,0,15
style.css,186,css,d0fb290b,d3kong,2025-04-30,16:14:41,-07:00,2025-04-30T16:14:41-07:00,0,15
style.css,187,css,d0fb290b,d3kong,2025-04-30,16:14:41,-07:00,2025-04-30T16:14:41-07:00,0,17
style.css,188,css,d0fb290b,d3kong,2025-04-30,16:14:41,-07:00,2025-04-30T16:14:41-07:00,0,17
style.css,189,css,0ebfb056,d3kong,2025-05-02,22:04:40,-07:00,2025-05-02T22:04:40-07:00,0,0
style.css,190,css,0ebfb056,d3kong,2025-05-02,22:04:40,-07:00,2025-05-02T22:04:40-07:00,0,0
style.css,191,css,0ebfb056,d3kong,2025-05-02,22:04:40,-07:00,2025-05-02T22:04:40-07:00,0,8
style.css,192,css,0ebfb056,d3kong,2025-05-02,22:04:40,-07:00,2025-05-02T22:04:40-07:00,0,16
style.css,193,css,0ebfb056,d3kong,2025-05-02,22:04:40,-07:00,2025-05-02T22:04:40-07:00,0,10
style.css,194,css,0ebfb056,d3kong,2025-05-02,22:04:40,-07:00,2025-05-02T22:04:40-07:00,0,15
style.css,195,css,0ebfb056,d3kong,2025-05-02,22:04:40,-07:00,2025-05-02T22:04:40-07:00,0,7
style.css,196,css,0ebfb056,d3kong,2025-05-02,22:04:40,-07:00,2025-05-02T22:04:40-07:00,0,0
style.css,197,css,0ebfb056,d3kong,2025-05-02,22:04:40,-07:00,2025-05-02T22:04:40-07:00,0,0
style.css,198,css,0ebfb056,d3kong,2025-05-02,22:04:40,-07:00,2025-05-02T22:04:40-07:00,0,11
style.css,199,css,0ebfb056,d3kong,2025-05-02,22:04:40,-07:00,2025-05-02T22:04:40-07:00,0,13
style.css,200,css,0ebfb056,d3kong,2025-05-02,22:04:40,-07:00,2025-05-02T22:04:40-07:00,0,19
style.css,201,css,0ebfb056,d3kong,2025-05-02,22:04:40,-07:00,2025-05-02T22:04:40-07:00,0,10
style.css,202,css,0ebfb056,d3kong,2025-05-02,22:04:40,-07:00,2025-05-02T22:04:40-07:00,0,14
style.css,203,css,0ebfb056,d3kong,2025-05-02,22:04:40,-07:00,2025-05-02T22:04:40-07:00,0,0
style.css,204,css,0ebfb056,d3kong,2025-05-02,22:04:40,-07:00,2025-05-02T22:04:40-07:00,0,0
style.css,205,css,0ebfb056,d3kong,2025-05-02,22:04:40,-07:00,2025-05-02T22:04:40-07:00,0,16
style.css,206,css,0ebfb056,d3kong,2025-05-02,22:04:40,-07:00,2025-05-02T22:04:40-07:00,0,21
style.css,207,css,0ebfb056,d3kong,2025-05-02,22:04:40,-07:00,2025-05-02T22:04:40-07:00,0,10
style.css,208,css,0ebfb056,d3kong,2025-05-02,22:04:40,-07:00,2025-05-02T22:04:40-07:00,0,11
style.css,209,css,0ebfb056,d3kong,2025-05-02,22:04:40,-07:00,2025-05-02T22:04:40-07:00,0,30
style.css,210,css,0ebfb056,d3kong,2025-05-02,22:04:40,-07:00,2025-05-02T22:04:40-07:00,0,20
style.css,211,css,0ebfb056,d3kong,2025-05-02,22:04:40,-07:00,2025-05-02T22:04:40-07:00,0,0
style.css,212,css,0ebfb056,d3kong,2025-05-02,22:04:40,-07:00,2025-05-02T22:04:40-07:00,0,0
style.css,213,css,0ebfb056,d3kong,2025-05-02,22:04:40,-07:00,2025-05-02T22:04:40-07:00,0,11
style.css,214,css,0ebfb056,d3kong,2025-05-02,22:04:40,-07:00,2025-05-02T22:04:40-07:00,0,13
style.css,215,css,0ebfb056,d3kong,2025-05-02,22:04:40,-07:00,2025-05-02T22:04:40-07:00,0,19
style.css,216,css,0ebfb056,d3kong,2025-05-02,22:04:40,-07:00,2025-05-02T22:04:40-07:00,0,8
style.css,217,css,0ebfb056,d3kong,2025-05-02,22:04:40,-07:00,2025-05-02T22:04:40-07:00,0,23
style.css,218,css,530dab4e,d3kong,2025-05-02,22:25:03,-07:00,2025-05-02T22:25:03-07:00,0,0
style.css,219,css,530dab4e,d3kong,2025-05-02,22:25:03,-07:00,2025-05-02T22:25:03-07:00,0,0
style.css,220,css,530dab4e,d3kong,2025-05-02,22:25:03,-07:00,2025-05-02T22:25:03-07:00,0,37
style.css,221,css,530dab4e,d3kong,2025-05-02,22:25:03,-07:00,2025-05-02T22:25:03-07:00,0,12
style.css,222,css,530dab4e,d3kong,2025-05-02,22:25:03,-07:00,2025-05-02T22:25:03-07:00,0,0
style.css,223,css,530dab4e,d3kong,2025-05-02,22:25:03,-07:00,2025-05-02T22:25:03-07:00,0,0
style.css,224,css,530dab4e,d3kong,2025-05-02,22:25:03,-07:00,2025-05-02T22:25:03-07:00,0,5
style.css,225,css,530dab4e,d3kong,2025-05-02,22:25:03,-07:00,2025-05-02T22:25:03-07:00,0,29
style.css,226,css,530dab4e,d3kong,2025-05-02,22:25:03,-07:00,2025-05-02T22:25:03-07:00,0,15
style.css,227,css,530dab4e,d3kong,2025-05-02,22:25:03,-07:00,2025-05-02T22:25:03-07:00,0,0
style.css,228,css,530dab4e,d3kong,2025-05-02,22:25:03,-07:00,2025-05-02T22:25:03-07:00,0,0
style.css,229,css,530dab4e,d3kong,2025-05-02,22:25:03,-07:00,2025-05-02T22:25:03-07:00,0,14
style.css,230,css,530dab4e,d3kong,2025-05-02,22:25:03,-07:00,2025-05-02T22:25:03-07:00,0,13
style.css,231,css,530dab4e,d3kong,2025-05-02,22:25:03,-07:00,2025-05-02T22:25:03-07:00,0,17
style.css,232,css,864d7441,d3kong,2025-04-08,15:54:42,-07:00,2025-04-08T15:54:42-07:00,0,0
index.js,1,js,316b10f6,d3kong,2025-04-23,20:30:46,-07:00,2025-04-23T20:30:46-07:00,0,72
index.js,2,js,aff3c30d,d3kong,2025-04-23,20:10:38,-07:00,2025-04-23T20:10:38-07:00,0,0
index.js,3,js,aff3c30d,d3kong,2025-04-23,20:10:38,-07:00,2025-04-23T20:10:38-07:00,0,36
index.js,4,js,aff3c30d,d3kong,2025-04-23,20:10:38,-07:00,2025-04-23T20:10:38-07:00,0,4
index.js,5,js,aff3c30d,d3kong,2025-04-23,20:10:38,-07:00,2025-04-23T20:10:38-07:00,0,58
index.js,6,js,aff3c30d,d3kong,2025-04-23,20:10:38,-07:00,2025-04-23T20:10:38-07:00,0,46
index.js,7,js,aff3c30d,d3kong,2025-04-23,20:10:38,-07:00,2025-04-23T20:10:38-07:00,0,53
index.js,8,js,aff3c30d,d3kong,2025-04-23,20:10:38,-07:00,2025-04-23T20:10:38-07:00,0,0
index.js,9,js,aff3c30d,d3kong,2025-04-23,20:10:38,-07:00,2025-04-23T20:10:38-07:00,0,33
index.js,10,js,aff3c30d,d3kong,2025-04-23,20:10:38,-07:00,2025-04-23T20:10:38-07:00,0,47
index.js,11,js,aff3c30d,d3kong,2025-04-23,20:10:38,-07:00,2025-04-23T20:10:38-07:00,0,0
index.js,12,js,aff3c30d,d3kong,2025-04-23,20:10:38,-07:00,2025-04-23T20:10:38-07:00,0,16
index.js,13,js,aff3c30d,d3kong,2025-04-23,20:10:38,-07:00,2025-04-23T20:10:38-07:00,0,55
index.js,14,js,aff3c30d,d3kong,2025-04-23,20:10:38,-07:00,2025-04-23T20:10:38-07:00,0,0
index.js,15,js,aff3c30d,d3kong,2025-04-23,20:10:38,-07:00,2025-04-23T20:10:38-07:00,0,0
index.js,16,js,aff3c30d,d3kong,2025-04-23,20:10:38,-07:00,2025-04-23T20:10:38-07:00,0,0
index.js,17,js,316b10f6,d3kong,2025-04-23,20:30:46,-07:00,2025-04-23T20:30:46-07:00,0,33
index.js,18,js,316b10f6,d3kong,2025-04-23,20:30:46,-07:00,2025-04-23T20:30:46-07:00,0,4
index.js,19,js,316b10f6,d3kong,2025-04-23,20:30:46,-07:00,2025-04-23T20:30:46-07:00,0,74
index.js,20,js,316b10f6,d3kong,2025-04-23,20:30:46,-07:00,2025-04-23T20:30:46-07:00,0,61
index.js,21,js,316b10f6,d3kong,2025-04-23,20:30:46,-07:00,2025-04-23T20:30:46-07:00,0,0
index.js,22,js,316b10f6,d3kong,2025-04-23,20:30:46,-07:00,2025-04-23T20:30:46-07:00,0,18
index.js,23,js,316b10f6,d3kong,2025-04-23,20:30:46,-07:00,2025-04-23T20:30:46-07:00,0,25
index.js,24,js,416f4176,d3kong,2025-04-23,20:49:52,-07:00,2025-04-23T20:49:52-07:00,0,24
index.js,25,js,416f4176,d3kong,2025-04-23,20:49:52,-07:00,2025-04-23T20:49:52-07:00,0,17
index.js,26,js,416f4176,d3kong,2025-04-23,20:49:52,-07:00,2025-04-23T20:49:52-07:00,0,17
index.js,27,js,416f4176,d3kong,2025-04-23,20:49:52,-07:00,2025-04-23T20:49:52-07:00,0,31
index.js,28,js,416f4176,d3kong,2025-04-23,20:49:52,-07:00,2025-04-23T20:49:52-07:00,0,5
index.js,29,js,416f4176,d3kong,2025-04-23,20:49:52,-07:00,2025-04-23T20:49:52-07:00,0,17
index.js,30,js,416f4176,d3kong,2025-04-23,20:49:52,-07:00,2025-04-23T20:49:52-07:00,0,17
index.js,31,js,416f4176,d3kong,2025-04-23,20:49:52,-07:00,2025-04-23T20:49:52-07:00,0,31
index.js,32,js,416f4176,d3kong,2025-04-23,20:49:52,-07:00,2025-04-23T20:49:52-07:00,0,5
index.js,33,js,416f4176,d3kong,2025-04-23,20:49:52,-07:00,2025-04-23T20:49:52-07:00,0,17
index.js,34,js,416f4176,d3kong,2025-04-23,20:49:52,-07:00,2025-04-23T20:49:52-07:00,0,20
index.js,35,js,416f4176,d3kong,2025-04-23,20:49:52,-07:00,2025-04-23T20:49:52-07:00,0,34
index.js,36,js,416f4176,d3kong,2025-04-23,20:49:52,-07:00,2025-04-23T20:49:52-07:00,0,5
index.js,37,js,416f4176,d3kong,2025-04-23,20:49:52,-07:00,2025-04-23T20:49:52-07:00,0,17
index.js,38,js,416f4176,d3kong,2025-04-23,20:49:52,-07:00,2025-04-23T20:49:52-07:00,0,20
index.js,39,js,416f4176,d3kong,2025-04-23,20:49:52,-07:00,2025-04-23T20:49:52-07:00,0,34
index.js,40,js,416f4176,d3kong,2025-04-23,20:49:52,-07:00,2025-04-23T20:49:52-07:00,0,5
index.js,41,js,316b10f6,d3kong,2025-04-23,20:30:46,-07:00,2025-04-23T20:30:46-07:00,0,4
index.js,42,js,316b10f6,d3kong,2025-04-23,20:30:46,-07:00,2025-04-23T20:30:46-07:00,0,1
index.js,43,js,316b10f6,d3kong,2025-04-23,20:30:46,-07:00,2025-04-23T20:30:46-07:00,0,0
index.js,44,js,316b10f6,d3kong,2025-04-23,20:30:46,-07:00,2025-04-23T20:30:46-07:00,0,16
index.js,45,js,316b10f6,d3kong,2025-04-23,20:30:46,-07:00,2025-04-23T20:30:46-07:00,0,50
index.js,46,js,316b10f6,d3kong,2025-04-23,20:30:46,-07:00,2025-04-23T20:30:46-07:00,0,0
index.js,47,js,316b10f6,d3kong,2025-04-23,20:30:46,-07:00,2025-04-23T20:30:46-07:00,0,0
index.js,48,js,316b10f6,d3kong,2025-04-23,20:30:46,-07:00,2025-04-23T20:30:46-07:00,0,0
index.js,49,js,316b10f6,d3kong,2025-04-23,20:30:46,-07:00,2025-04-23T20:30:46-07:00,0,17
index.js,50,js,316b10f6,d3kong,2025-04-23,20:30:46,-07:00,2025-04-23T20:30:46-07:00,0,0
index.js,51,js,316b10f6,d3kong,2025-04-23,20:30:46,-07:00,2025-04-23T20:30:46-07:00,0,0
index.js,52,js,aff3c30d,d3kong,2025-04-23,20:10:38,-07:00,2025-04-23T20:10:38-07:00,0,20
index.html,1,html,d2616598,d3kong,2025-04-06,17:47:40,-07:00,2025-04-06T17:47:40-07:00,0,14
index.html,2,html,38675606,d3kong,2025-04-16,22:07:15,-07:00,2025-04-16T22:07:15-07:00,0,34
index.html,3,html,d2616598,d3kong,2025-04-06,17:47:40,-07:00,2025-04-06T17:47:40-07:00,0,5
index.html,4,html,d2616598,d3kong,2025-04-06,17:47:40,-07:00,2025-04-06T17:47:40-07:00,0,21
index.html,5,html,d2616598,d3kong,2025-04-06,17:47:40,-07:00,2025-04-06T17:47:40-07:00,0,69
index.html,6,html,d2616598,d3kong,2025-04-06,17:47:40,-07:00,2025-04-06T17:47:40-07:00,0,54
index.html,7,html,b961daf8,d3kong,2025-04-08,15:09:14,-07:00,2025-04-08T15:09:14-07:00,0,50
index.html,8,html,a69aa8a3,d3kong,2025-04-16,20:43:20,-07:00,2025-04-16T20:43:20-07:00,0,57
index.html,9,html,d2616598,d3kong,2025-04-06,17:47:40,-07:00,2025-04-06T17:47:40-07:00,0,6
index.html,10,html,d2616598,d3kong,2025-04-06,17:47:40,-07:00,2025-04-06T17:47:40-07:00,0,5
index.html,11,html,ae662bfe,d3kong,2025-04-08,14:39:52,-07:00,2025-04-08T14:39:52-07:00,0,0
index.html,12,html,ae662bfe,d3kong,2025-04-08,14:39:52,-07:00,2025-04-08T14:39:52-07:00,0,4
index.html,13,html,ae662bfe,d3kong,2025-04-08,14:39:52,-07:00,2025-04-08T14:39:52-07:00,0,3
index.html,14,html,ae662bfe,d3kong,2025-04-08,14:39:52,-07:00,2025-04-08T14:39:52-07:00,0,48
index.html,15,html,ae662bfe,d3kong,2025-04-08,14:39:52,-07:00,2025-04-08T14:39:52-07:00,0,61
index.html,16,html,ae662bfe,d3kong,2025-04-08,14:39:52,-07:00,2025-04-08T14:39:52-07:00,0,59
index.html,17,html,23531d3e,d3kong,2025-04-10,13:15:58,-07:00,2025-04-10T13:15:58-07:00,0,57
index.html,18,html,b961daf8,d3kong,2025-04-08,15:09:14,-07:00,2025-04-08T15:09:14-07:00,0,73
index.html,19,html,ae662bfe,d3kong,2025-04-08,14:39:52,-07:00,2025-04-08T14:39:52-07:00,0,4
index.html,20,html,ae662bfe,d3kong,2025-04-08,14:39:52,-07:00,2025-04-08T14:39:52-07:00,0,5
index.html,21,html,ae662bfe,d3kong,2025-04-08,14:39:52,-07:00,2025-04-08T14:39:52-07:00,0,0
index.html,22,html,d2616598,d3kong,2025-04-06,17:47:40,-07:00,2025-04-06T17:47:40-07:00,0,19
index.html,23,html,a1d619e3,d3kong,2025-04-08,15:16:08,-07:00,2025-04-08T15:16:08-07:00,0,105
index.html,24,html,d2616598,d3kong,2025-04-06,17:47:40,-07:00,2025-04-06T17:47:40-07:00,0,2
index.html,25,html,d2616598,d3kong,2025-04-06,17:47:40,-07:00,2025-04-06T17:47:40-07:00,0,66
index.html,26,html,d2616598,d3kong,2025-04-06,17:47:40,-07:00,2025-04-06T17:47:40-07:00,0,70
index.html,27,html,d2616598,d3kong,2025-04-06,17:47:40,-07:00,2025-04-06T17:47:40-07:00,0,69
index.html,28,html,d2616598,d3kong,2025-04-06,17:47:40,-07:00,2025-04-06T17:47:40-07:00,0,69
index.html,29,html,d2616598,d3kong,2025-04-06,17:47:40,-07:00,2025-04-06T17:47:40-07:00,0,19
index.html,30,html,d2616598,d3kong,2025-04-06,17:47:40,-07:00,2025-04-06T17:47:40-07:00,0,3
index.html,31,html,dc83a9c4,d3kong,2025-04-16,21:53:20,-07:00,2025-04-16T21:53:20-07:00,0,0
index.html,32,html,aff3c30d,d3kong,2025-04-23,20:10:38,-07:00,2025-04-23T20:10:38-07:00,0,45
index.html,33,html,aff3c30d,d3kong,2025-04-23,20:10:38,-07:00,2025-04-23T20:10:38-07:00,0,0
index.html,34,html,aff3c30d,d3kong,2025-04-23,20:10:38,-07:00,2025-04-23T20:10:38-07:00,0,23
index.html,35,html,aff3c30d,d3kong,2025-04-23,20:10:38,-07:00,2025-04-23T20:10:38-07:00,0,21
index.html,36,html,aff3c30d,d3kong,2025-04-23,20:10:38,-07:00,2025-04-23T20:10:38-07:00,0,50
index.html,37,html,aff3c30d,d3kong,2025-04-23,20:10:38,-07:00,2025-04-23T20:10:38-07:00,0,5
index.html,38,html,316b10f6,d3kong,2025-04-23,20:30:46,-07:00,2025-04-23T20:30:46-07:00,0,29
index.html,39,html,1f2ee45e,d3kong,2025-04-23,20:52:53,-07:00,2025-04-23T20:52:53-07:00,0,0
index.html,40,html,1f2ee45e,d3kong,2025-04-23,20:52:53,-07:00,2025-04-23T20:52:53-07:00,0,50
index.html,41,html,d2616598,d3kong,2025-04-06,17:47:40,-07:00,2025-04-06T17:47:40-07:00,0,6
index.html,42,html,d2616598,d3kong,2025-04-06,17:47:40,-07:00,2025-04-06T17:47:40-07:00,0,6
global.js,1,js,a69aa8a3,d3kong,2025-04-16,20:43:20,-07:00,2025-04-16T20:43:20-07:00,0,25
global.js,2,js,a69aa8a3,d3kong,2025-04-16,20:43:20,-07:00,2025-04-16T20:43:20-07:00,0,0
global.js,3,js,f6862282,d3kong,2025-04-23,16:52:24,-07:00,2025-04-23T16:52:24-07:00,0,37
global.js,4,js,f6862282,d3kong,2025-04-23,16:52:24,-07:00,2025-04-23T16:52:24-07:00,0,4
global.js,5,js,f6862282,d3kong,2025-04-23,16:52:24,-07:00,2025-04-23T16:52:24-07:00,0,33
global.js,6,js,f6862282,d3kong,2025-04-23,16:52:24,-07:00,2025-04-23T16:52:24-07:00,0,0
global.js,7,js,f6862282,d3kong,2025-04-23,16:52:24,-07:00,2025-04-23T16:52:24-07:00,0,18
global.js,8,js,f6862282,d3kong,2025-04-23,16:52:24,-07:00,2025-04-23T16:52:24-07:00,0,67
global.js,9,js,f6862282,d3kong,2025-04-23,16:52:24,-07:00,2025-04-23T16:52:24-07:00,0,0
global.js,10,js,f6862282,d3kong,2025-04-23,16:52:24,-07:00,2025-04-23T16:52:24-07:00,0,0
global.js,11,js,f6862282,d3kong,2025-04-23,16:52:24,-07:00,2025-04-23T16:52:24-07:00,0,34
global.js,12,js,f6862282,d3kong,2025-04-23,16:52:24,-07:00,2025-04-23T16:52:24-07:00,0,11
global.js,13,js,f6862282,d3kong,2025-04-23,16:52:24,-07:00,2025-04-23T16:52:24-07:00,0,16
global.js,14,js,f6862282,d3kong,2025-04-23,16:52:24,-07:00,2025-04-23T16:52:24-07:00,0,60
global.js,15,js,f6862282,d3kong,2025-04-23,16:52:24,-07:00,2025-04-23T16:52:24-07:00,0,0
global.js,16,js,316b10f6,d3kong,2025-04-23,20:30:46,-07:00,2025-04-23T20:30:46-07:00,0,0
global.js,17,js,316b10f6,d3kong,2025-04-23,20:30:46,-07:00,2025-04-23T20:30:46-07:00,0,0
global.js,18,js,316b10f6,d3kong,2025-04-23,20:30:46,-07:00,2025-04-23T20:30:46-07:00,0,48
global.js,19,js,316b10f6,d3kong,2025-04-23,20:30:46,-07:00,2025-04-23T20:30:46-07:00,0,60
global.js,20,js,316b10f6,d3kong,2025-04-23,20:30:46,-07:00,2025-04-23T20:30:46-07:00,0,0
global.js,21,js,f6862282,d3kong,2025-04-23,16:52:24,-07:00,2025-04-23T16:52:24-07:00,0,0
global.js,22,js,ee6a4a3d,d3kong,2025-04-23,17:30:55,-07:00,2025-04-23T17:30:55-07:00,0,47
global.js,23,js,a69aa8a3,d3kong,2025-04-16,20:43:20,-07:00,2025-04-16T20:43:20-07:00,0,53
global.js,24,js,a69aa8a3,d3kong,2025-04-16,20:43:20,-07:00,2025-04-16T20:43:20-07:00,0,0
global.js,25,js,a69aa8a3,d3kong,2025-04-16,20:43:20,-07:00,2025-04-16T20:43:20-07:00,0,0
global.js,26,js,446eb970,d3kong,2025-04-30,16:01:23,-07:00,2025-04-30T16:01:23-07:00,0,52
global.js,27,js,446eb970,d3kong,2025-04-30,16:01:23,-07:00,2025-04-30T16:01:23-07:00,0,24
global.js,28,js,446eb970,d3kong,2025-04-30,16:01:23,-07:00,2025-04-30T16:01:23-07:00,0,0
global.js,29,js,446eb970,d3kong,2025-04-30,16:01:23,-07:00,2025-04-30T16:01:23-07:00,0,28
global.js,30,js,446eb970,d3kong,2025-04-30,16:01:23,-07:00,2025-04-30T16:01:23-07:00,0,49
global.js,31,js,82be0174,d3kong,2025-04-30,16:20:07,-07:00,2025-04-30T16:20:07-07:00,0,0
global.js,32,js,82be0174,d3kong,2025-04-30,16:20:07,-07:00,2025-04-30T16:20:07-07:00,0,29
global.js,33,js,82be0174,d3kong,2025-04-30,16:20:07,-07:00,2025-04-30T16:20:07-07:00,0,58
global.js,34,js,82be0174,d3kong,2025-04-30,16:20:07,-07:00,2025-04-30T16:20:07-07:00,0,29
global.js,35,js,82be0174,d3kong,2025-04-30,16:20:07,-07:00,2025-04-30T16:20:07-07:00,0,0
global.js,36,js,446eb970,d3kong,2025-04-30,16:01:23,-07:00,2025-04-30T16:01:23-07:00,0,20
global.js,37,js,82be0174,d3kong,2025-04-30,16:20:07,-07:00,2025-04-30T16:20:07-07:00,0,11
global.js,38,js,446eb970,d3kong,2025-04-30,16:01:23,-07:00,2025-04-30T16:01:23-07:00,0,66
global.js,39,js,446eb970,d3kong,2025-04-30,16:01:23,-07:00,2025-04-30T16:01:23-07:00,0,28
global.js,40,js,446eb970,d3kong,2025-04-30,16:01:23,-07:00,2025-04-30T16:01:23-07:00,0,46
global.js,41,js,446eb970,d3kong,2025-04-30,16:01:23,-07:00,2025-04-30T16:01:23-07:00,0,1
global.js,42,js,446eb970,d3kong,2025-04-30,16:01:23,-07:00,2025-04-30T16:01:23-07:00,0,0
global.js,43,js,446eb970,d3kong,2025-04-30,16:01:23,-07:00,2025-04-30T16:01:23-07:00,0,30
global.js,44,js,446eb970,d3kong,2025-04-30,16:01:23,-07:00,2025-04-30T16:01:23-07:00,0,2
global.js,45,js,31696827,d3kong,2025-04-30,15:36:48,-07:00,2025-04-30T15:36:48-07:00,0,0
global.js,46,js,617c2564,d3kong,2025-04-23,20:17:13,-07:00,2025-04-23T20:17:13-07:00,0,0
global.js,47,js,0fd21da9,d3kong,2025-04-16,21:22:36,-07:00,2025-04-16T21:22:36-07:00,0,37
global.js,48,js,014a44be,d3kong,2025-04-16,20:56:23,-07:00,2025-04-16T20:56:23-07:00,0,0
global.js,49,js,014a44be,d3kong,2025-04-16,20:56:23,-07:00,2025-04-16T20:56:23-07:00,0,27
global.js,50,js,a1ad0a83,d3kong,2025-04-16,21:06:34,-07:00,2025-04-16T21:06:34-07:00,0,50
global.js,51,js,014a44be,d3kong,2025-04-16,20:56:23,-07:00,2025-04-16T20:56:23-07:00,0,38
global.js,52,js,014a44be,d3kong,2025-04-16,20:56:23,-07:00,2025-04-16T20:56:23-07:00,0,0
global.js,53,js,014a44be,d3kong,2025-04-16,20:56:23,-07:00,2025-04-16T20:56:23-07:00,0,1
global.js,54,js,dc83a9c4,d3kong,2025-04-16,21:53:20,-07:00,2025-04-16T21:53:20-07:00,0,0
global.js,55,js,dc83a9c4,d3kong,2025-04-16,21:53:20,-07:00,2025-04-16T21:53:20-07:00,0,59
global.js,56,js,dc83a9c4,d3kong,2025-04-16,21:53:20,-07:00,2025-04-16T21:53:20-07:00,0,0
global.js,57,js,dc83a9c4,d3kong,2025-04-16,21:53:20,-07:00,2025-04-16T21:53:20-07:00,0,48
global.js,58,js,dc83a9c4,d3kong,2025-04-16,21:53:20,-07:00,2025-04-16T21:53:20-07:00,0,16
global.js,59,js,dc83a9c4,d3kong,2025-04-16,21:53:20,-07:00,2025-04-16T21:53:20-07:00,0,63
global.js,60,js,dc83a9c4,d3kong,2025-04-16,21:53:20,-07:00,2025-04-16T21:53:20-07:00,0,0
global.js,61,js,dc83a9c4,d3kong,2025-04-16,21:53:20,-07:00,2025-04-16T21:53:20-07:00,0,0
global.js,62,js,dc83a9c4,d3kong,2025-04-16,21:53:20,-07:00,2025-04-16T21:53:20-07:00,0,45
global.js,63,js,dc83a9c4,d3kong,2025-04-16,21:53:20,-07:00,2025-04-16T21:53:20-07:00,0,72
global.js,64,js,dc83a9c4,d3kong,2025-04-16,21:53:20,-07:00,2025-04-16T21:53:20-07:00,0,59
global.js,65,js,dc83a9c4,d3kong,2025-04-16,21:53:20,-07:00,2025-04-16T21:53:20-07:00,0,61
global.js,66,js,dc83a9c4,d3kong,2025-04-16,21:53:20,-07:00,2025-04-16T21:53:20-07:00,0,39
global.js,67,js,dc83a9c4,d3kong,2025-04-16,21:53:20,-07:00,2025-04-16T21:53:20-07:00,0,1
resume/index.html,1,html,dd1f0db2,d3kong,2025-04-10,13:11:00,-07:00,2025-04-10T13:11:00-07:00,0,14
resume/index.html,2,html,38675606,d3kong,2025-04-16,22:07:15,-07:00,2025-04-16T22:07:15-07:00,0,34
resume/index.html,3,html,dd1f0db2,d3kong,2025-04-10,13:11:00,-07:00,2025-04-10T13:11:00-07:00,0,5
resume/index.html,4,html,dd1f0db2,d3kong,2025-04-10,13:11:00,-07:00,2025-04-10T13:11:00-07:00,0,23
resume/index.html,5,html,dd1f0db2,d3kong,2025-04-10,13:11:00,-07:00,2025-04-10T13:11:00-07:00,0,71
resume/index.html,6,html,dd1f0db2,d3kong,2025-04-10,13:11:00,-07:00,2025-04-10T13:11:00-07:00,0,20
resume/index.html,7,html,dd1f0db2,d3kong,2025-04-10,13:11:00,-07:00,2025-04-10T13:11:00-07:00,0,52
resume/index.html,8,html,9b767f75,d3kong,2025-04-16,20:46:01,-07:00,2025-04-16T20:46:01-07:00,0,57
resume/index.html,9,html,dd1f0db2,d3kong,2025-04-10,13:11:00,-07:00,2025-04-10T13:11:00-07:00,0,6
resume/index.html,10,html,dd1f0db2,d3kong,2025-04-10,13:11:00,-07:00,2025-04-10T13:11:00-07:00,0,5
resume/index.html,11,html,dd1f0db2,d3kong,2025-04-10,13:11:00,-07:00,2025-04-10T13:11:00-07:00,0,0
resume/index.html,12,html,dd1f0db2,d3kong,2025-04-10,13:11:00,-07:00,2025-04-10T13:11:00-07:00,0,4
resume/index.html,13,html,dd1f0db2,d3kong,2025-04-10,13:11:00,-07:00,2025-04-10T13:11:00-07:00,0,3
resume/index.html,14,html,dd1f0db2,d3kong,2025-04-10,13:11:00,-07:00,2025-04-10T13:11:00-07:00,0,48
resume/index.html,15,html,dd1f0db2,d3kong,2025-04-10,13:11:00,-07:00,2025-04-10T13:11:00-07:00,0,61
resume/index.html,16,html,dd1f0db2,d3kong,2025-04-10,13:11:00,-07:00,2025-04-10T13:11:00-07:00,0,59
resume/index.html,17,html,dd1f0db2,d3kong,2025-04-10,13:11:00,-07:00,2025-04-10T13:11:00-07:00,0,57
resume/index.html,18,html,6de61b2d,d3kong,2025-04-16,21:32:31,-07:00,2025-04-16T21:32:31-07:00,0,73
resume/index.html,19,html,dd1f0db2,d3kong,2025-04-10,13:11:00,-07:00,2025-04-10T13:11:00-07:00,0,4
resume/index.html,20,html,dd1f0db2,d3kong,2025-04-10,13:11:00,-07:00,2025-04-10T13:11:00-07:00,0,5
resume/index.html,21,html,dd1f0db2,d3kong,2025-04-10,13:11:00,-07:00,2025-04-10T13:11:00-07:00,0,0
resume/index.html,22,html,dd1f0db2,d3kong,2025-04-10,13:11:00,-07:00,2025-04-10T13:11:00-07:00,0,14
resume/index.html,23,html,dd1f0db2,d3kong,2025-04-10,13:11:00,-07:00,2025-04-10T13:11:00-07:00,0,0
resume/index.html,24,html,dd1f0db2,d3kong,2025-04-10,13:11:00,-07:00,2025-04-10T13:11:00-07:00,0,47
resume/index.html,25,html,dd1f0db2,d3kong,2025-04-10,13:11:00,-07:00,2025-04-10T13:11:00-07:00,0,0
resume/index.html,26,html,dd1f0db2,d3kong,2025-04-10,13:11:00,-07:00,2025-04-10T13:11:00-07:00,0,87
resume/index.html,27,html,dd1f0db2,d3kong,2025-04-10,13:11:00,-07:00,2025-04-10T13:11:00-07:00,0,0
resume/index.html,28,html,dc83a9c4,d3kong,2025-04-16,21:53:20,-07:00,2025-04-16T21:53:20-07:00,0,50
resume/index.html,29,html,dc83a9c4,d3kong,2025-04-16,21:53:20,-07:00,2025-04-16T21:53:20-07:00,0,0
resume/index.html,30,html,dd1f0db2,d3kong,2025-04-10,13:11:00,-07:00,2025-04-10T13:11:00-07:00,0,6
resume/index.html,31,html,dd1f0db2,d3kong,2025-04-10,13:11:00,-07:00,2025-04-10T13:11:00-07:00,0,6
projects/projects.js,1,js,617c2564,d3kong,2025-04-23,20:17:13,-07:00,2025-04-23T20:17:13-07:00,0,68
projects/projects.js,2,js,988e59d7,d3kong,2025-04-30,15:57:39,-07:00,2025-04-30T15:57:39-07:00,0,60
projects/projects.js,3,js,035bff1f,d3kong,2025-04-23,18:26:41,-07:00,2025-04-23T18:26:41-07:00,0,0
projects/projects.js,4,js,0ebfb056,d3kong,2025-05-02,22:04:40,-07:00,2025-05-02T22:04:40-07:00,0,20
projects/projects.js,5,js,0ebfb056,d3kong,2025-05-02,22:04:40,-07:00,2025-05-02T22:04:40-07:00,0,13
projects/projects.js,6,js,df14b6ae,d3kong,2025-05-02,22:46:43,-07:00,2025-05-02T22:46:43-07:00,0,23
projects/projects.js,7,js,530dab4e,d3kong,2025-05-02,22:25:03,-07:00,2025-05-02T22:25:03-07:00,0,20
projects/projects.js,8,js,0ebfb056,d3kong,2025-05-02,22:04:40,-07:00,2025-05-02T22:04:40-07:00,0,0
projects/projects.js,9,js,035bff1f,d3kong,2025-04-23,18:26:41,-07:00,2025-04-23T18:26:41-07:00,0,39
projects/projects.js,10,js,0ebfb056,d3kong,2025-05-02,22:04:40,-07:00,2025-05-02T22:04:40-07:00,0,4
projects/projects.js,11,js,0ebfb056,d3kong,2025-05-02,22:04:40,-07:00,2025-05-02T22:04:40-07:00,0,61
projects/projects.js,12,js,0ebfb056,d3kong,2025-05-02,22:04:40,-07:00,2025-05-02T22:04:40-07:00,0,47
projects/projects.js,13,js,0ebfb056,d3kong,2025-05-02,22:04:40,-07:00,2025-05-02T22:04:40-07:00,0,0
projects/projects.js,14,js,0ebfb056,d3kong,2025-05-02,22:04:40,-07:00,2025-05-02T22:04:40-07:00,0,30
projects/projects.js,15,js,0ebfb056,d3kong,2025-05-02,22:04:40,-07:00,2025-05-02T22:04:40-07:00,0,32
projects/projects.js,16,js,0ebfb056,d3kong,2025-05-02,22:04:40,-07:00,2025-05-02T22:04:40-07:00,0,38
projects/projects.js,17,js,0ebfb056,d3kong,2025-05-02,22:04:40,-07:00,2025-05-02T22:04:40-07:00,0,0
projects/projects.js,18,js,0ebfb056,d3kong,2025-05-02,22:04:40,-07:00,2025-05-02T22:04:40-07:00,0,52
projects/projects.js,19,js,0ebfb056,d3kong,2025-05-02,22:04:40,-07:00,2025-05-02T22:04:40-07:00,0,31
projects/projects.js,20,js,0ebfb056,d3kong,2025-05-02,22:04:40,-07:00,2025-05-02T22:04:40-07:00,0,0
projects/projects.js,21,js,0ebfb056,d3kong,2025-05-02,22:04:40,-07:00,2025-05-02T22:04:40-07:00,0,40
projects/projects.js,22,js,0ebfb056,d3kong,2025-05-02,22:04:40,-07:00,2025-05-02T22:04:40-07:00,0,51
projects/projects.js,23,js,0ebfb056,d3kong,2025-05-02,22:04:40,-07:00,2025-05-02T22:04:40-07:00,0,52
projects/projects.js,24,js,035bff1f,d3kong,2025-04-23,18:26:41,-07:00,2025-04-23T18:26:41-07:00,0,0
projects/projects.js,25,js,0ebfb056,d3kong,2025-05-02,22:04:40,-07:00,2025-05-02T22:04:40-07:00,0,0
projects/projects.js,26,js,0ebfb056,d3kong,2025-05-02,22:04:40,-07:00,2025-05-02T22:04:40-07:00,0,16
projects/projects.js,27,js,0ebfb056,d3kong,2025-05-02,22:04:40,-07:00,2025-05-02T22:04:40-07:00,0,48
projects/projects.js,28,js,4aa892f0,d3kong,2025-04-30,15:44:16,-07:00,2025-04-30T15:44:16-07:00,0,0
projects/projects.js,29,js,0ebfb056,d3kong,2025-05-02,22:04:40,-07:00,2025-05-02T22:04:40-07:00,0,0
projects/projects.js,30,js,0ebfb056,d3kong,2025-05-02,22:04:40,-07:00,2025-05-02T22:04:40-07:00,0,0
projects/projects.js,31,js,0ebfb056,d3kong,2025-05-02,22:04:40,-07:00,2025-05-02T22:04:40-07:00,0,23
projects/projects.js,32,js,0ebfb056,d3kong,2025-05-02,22:04:40,-07:00,2025-05-02T22:04:40-07:00,0,0
projects/projects.js,33,js,0ebfb056,d3kong,2025-05-02,22:04:40,-07:00,2025-05-02T22:04:40-07:00,0,43
projects/projects.js,34,js,0ebfb056,d3kong,2025-05-02,22:04:40,-07:00,2025-05-02T22:04:40-07:00,0,39
projects/projects.js,35,js,0ebfb056,d3kong,2025-05-02,22:04:40,-07:00,2025-05-02T22:04:40-07:00,0,35
projects/projects.js,36,js,0ebfb056,d3kong,2025-05-02,22:04:40,-07:00,2025-05-02T22:04:40-07:00,0,0
projects/projects.js,37,js,0ebfb056,d3kong,2025-05-02,22:04:40,-07:00,2025-05-02T22:04:40-07:00,0,27
projects/projects.js,38,js,0ebfb056,d3kong,2025-05-02,22:04:40,-07:00,2025-05-02T22:04:40-07:00,0,30
projects/projects.js,39,js,0ebfb056,d3kong,2025-05-02,22:04:40,-07:00,2025-05-02T22:04:40-07:00,0,0
projects/projects.js,40,js,0ebfb056,d3kong,2025-05-02,22:04:40,-07:00,2025-05-02T22:04:40-07:00,0,29
projects/projects.js,41,js,0ebfb056,d3kong,2025-05-02,22:04:40,-07:00,2025-05-02T22:04:40-07:00,0,13
projects/projects.js,42,js,0ebfb056,d3kong,2025-05-02,22:04:40,-07:00,2025-05-02T22:04:40-07:00,0,13
projects/projects.js,43,js,0ebfb056,d3kong,2025-05-02,22:04:40,-07:00,2025-05-02T22:04:40-07:00,0,10
projects/projects.js,44,js,0ebfb056,d3kong,2025-05-02,22:04:40,-07:00,2025-05-02T22:04:40-07:00,0,1
projects/projects.js,45,js,0ebfb056,d3kong,2025-05-02,22:04:40,-07:00,2025-05-02T22:04:40-07:00,0,0
projects/projects.js,46,js,0ebfb056,d3kong,2025-05-02,22:04:40,-07:00,2025-05-02T22:04:40-07:00,0,48
projects/projects.js,47,js,0ebfb056,d3kong,2025-05-02,22:04:40,-07:00,2025-05-02T22:04:40-07:00,0,11
projects/projects.js,48,js,0ebfb056,d3kong,2025-05-02,22:04:40,-07:00,2025-05-02T22:04:40-07:00,0,11
projects/projects.js,49,js,0ebfb056,d3kong,2025-05-02,22:04:40,-07:00,2025-05-02T22:04:40-07:00,0,3
projects/projects.js,50,js,0ebfb056,d3kong,2025-05-02,22:04:40,-07:00,2025-05-02T22:04:40-07:00,0,0
projects/projects.js,51,js,0ebfb056,d3kong,2025-05-02,22:04:40,-07:00,2025-05-02T22:04:40-07:00,0,40
projects/projects.js,52,js,0ebfb056,d3kong,2025-05-02,22:04:40,-07:00,2025-05-02T22:04:40-07:00,0,51
projects/projects.js,53,js,0ebfb056,d3kong,2025-05-02,22:04:40,-07:00,2025-05-02T22:04:40-07:00,0,22
projects/projects.js,54,js,0ebfb056,d3kong,2025-05-02,22:04:40,-07:00,2025-05-02T22:04:40-07:00,0,49
projects/projects.js,55,js,0ebfb056,d3kong,2025-05-02,22:04:40,-07:00,2025-05-02T22:04:40-07:00,0,0
projects/projects.js,56,js,0ebfb056,d3kong,2025-05-02,22:04:40,-07:00,2025-05-02T22:04:40-07:00,0,23
projects/projects.js,57,js,0ebfb056,d3kong,2025-05-02,22:04:40,-07:00,2025-05-02T22:04:40-07:00,0,17
projects/projects.js,58,js,0ebfb056,d3kong,2025-05-02,22:04:40,-07:00,2025-05-02T22:04:40-07:00,0,17
projects/projects.js,59,js,530dab4e,d3kong,2025-05-02,22:25:03,-07:00,2025-05-02T22:25:03-07:00,0,22
projects/projects.js,60,js,df14b6ae,d3kong,2025-05-02,22:46:43,-07:00,2025-05-02T22:46:43-07:00,0,63
projects/projects.js,61,js,530dab4e,d3kong,2025-05-02,22:25:03,-07:00,2025-05-02T22:25:03-07:00,0,19
projects/projects.js,62,js,df14b6ae,d3kong,2025-05-02,22:46:43,-07:00,2025-05-02T22:46:43-07:00,0,33
projects/projects.js,63,js,df14b6ae,d3kong,2025-05-02,22:46:43,-07:00,2025-05-02T22:46:43-07:00,0,64
projects/projects.js,64,js,530dab4e,d3kong,2025-05-02,22:25:03,-07:00,2025-05-02T22:25:03-07:00,0,22
projects/projects.js,65,js,530dab4e,d3kong,2025-05-02,22:25:03,-07:00,2025-05-02T22:25:03-07:00,0,2
projects/projects.js,66,js,0ebfb056,d3kong,2025-05-02,22:04:40,-07:00,2025-05-02T22:04:40-07:00,0,2
projects/projects.js,67,js,0ebfb056,d3kong,2025-05-02,22:04:40,-07:00,2025-05-02T22:04:40-07:00,0,0
projects/projects.js,68,js,0ebfb056,d3kong,2025-05-02,22:04:40,-07:00,2025-05-02T22:04:40-07:00,0,25
projects/projects.js,69,js,0ebfb056,d3kong,2025-05-02,22:04:40,-07:00,2025-05-02T22:04:40-07:00,0,18
projects/projects.js,70,js,0ebfb056,d3kong,2025-05-02,22:04:40,-07:00,2025-05-02T22:04:40-07:00,0,39
projects/projects.js,71,js,0ebfb056,d3kong,2025-05-02,22:04:40,-07:00,2025-05-02T22:04:40-07:00,0,70
projects/projects.js,72,js,0ebfb056,d3kong,2025-05-02,22:04:40,-07:00,2025-05-02T22:04:40-07:00,0,2
projects/projects.js,73,js,0ebfb056,d3kong,2025-05-02,22:04:40,-07:00,2025-05-02T22:04:40-07:00,0,0
projects/projects.js,74,js,0ebfb056,d3kong,2025-05-02,22:04:40,-07:00,2025-05-02T22:04:40-07:00,0,0
projects/projects.js,75,js,530dab4e,d3kong,2025-05-02,22:25:03,-07:00,2025-05-02T22:25:03-07:00,0,32
projects/projects.js,76,js,530dab4e,d3kong,2025-05-02,22:25:03,-07:00,2025-05-02T22:25:03-07:00,0,26
projects/projects.js,77,js,0ebfb056,d3kong,2025-05-02,22:04:40,-07:00,2025-05-02T22:04:40-07:00,0,0
projects/projects.js,78,js,530dab4e,d3kong,2025-05-02,22:25:03,-07:00,2025-05-02T22:25:03-07:00,0,17
projects/projects.js,79,js,530dab4e,d3kong,2025-05-02,22:25:03,-07:00,2025-05-02T22:25:03-07:00,0,30
projects/projects.js,80,js,530dab4e,d3kong,2025-05-02,22:25:03,-07:00,2025-05-02T22:25:03-07:00,0,45
projects/projects.js,81,js,530dab4e,d3kong,2025-05-02,22:25:03,-07:00,2025-05-02T22:25:03-07:00,0,40
projects/projects.js,82,js,530dab4e,d3kong,2025-05-02,22:25:03,-07:00,2025-05-02T22:25:03-07:00,0,0
projects/projects.js,83,js,530dab4e,d3kong,2025-05-02,22:25:03,-07:00,2025-05-02T22:25:03-07:00,0,1
projects/projects.js,84,js,530dab4e,d3kong,2025-05-02,22:25:03,-07:00,2025-05-02T22:25:03-07:00,0,0
projects/projects.js,85,js,0ebfb056,d3kong,2025-05-02,22:04:40,-07:00,2025-05-02T22:04:40-07:00,0,0
projects/projects.js,86,js,df14b6ae,d3kong,2025-05-02,22:46:43,-07:00,2025-05-02T22:46:43-07:00,0,27
projects/projects.js,87,js,530dab4e,d3kong,2025-05-02,22:25:03,-07:00,2025-05-02T22:25:03-07:00,0,56
projects/projects.js,88,js,530dab4e,d3kong,2025-05-02,22:25:03,-07:00,2025-05-02T22:25:03-07:00,0,0
projects/projects.js,89,js,035bff1f,d3kong,2025-04-23,18:26:41,-07:00,2025-04-23T18:26:41-07:00,0,0
projects/projects.js,90,js,0ebfb056,d3kong,2025-05-02,22:04:40,-07:00,2025-05-02T22:04:40-07:00,0,35
projects/projects.js,91,js,0ebfb056,d3kong,2025-05-02,22:04:40,-07:00,2025-05-02T22:04:40-07:00,0,28
projects/projects.js,92,js,530dab4e,d3kong,2025-05-02,22:25:03,-07:00,2025-05-02T22:25:03-07:00,0,0
projects/projects.js,93,js,530dab4e,d3kong,2025-05-02,22:25:03,-07:00,2025-05-02T22:25:03-07:00,0,0
projects/projects.js,94,js,530dab4e,d3kong,2025-05-02,22:25:03,-07:00,2025-05-02T22:25:03-07:00,0,53
projects/projects.js,95,js,530dab4e,d3kong,2025-05-02,22:25:03,-07:00,2025-05-02T22:25:03-07:00,0,0
projects/projects.js,96,js,530dab4e,d3kong,2025-05-02,22:25:03,-07:00,2025-05-02T22:25:03-07:00,0,44
projects/projects.js,97,js,530dab4e,d3kong,2025-05-02,22:25:03,-07:00,2025-05-02T22:25:03-07:00,0,45
projects/projects.js,98,js,530dab4e,d3kong,2025-05-02,22:25:03,-07:00,2025-05-02T22:25:03-07:00,0,22
projects/projects.js,99,js,0ebfb056,d3kong,2025-05-02,22:04:40,-07:00,2025-05-02T22:04:40-07:00,0,2
projects/index.html,1,html,ae662bfe,d3kong,2025-04-08,14:39:52,-07:00,2025-04-08T14:39:52-07:00,0,14
projects/index.html,2,html,38675606,d3kong,2025-04-16,22:07:15,-07:00,2025-04-16T22:07:15-07:00,0,34
projects/index.html,3,html,ae662bfe,d3kong,2025-04-08,14:39:52,-07:00,2025-04-08T14:39:52-07:00,0,5
projects/index.html,4,html,ae662bfe,d3kong,2025-04-08,14:39:52,-07:00,2025-04-08T14:39:52-07:00,0,21
projects/index.html,5,html,ae662bfe,d3kong,2025-04-08,14:39:52,-07:00,2025-04-08T14:39:52-07:00,0,69
projects/index.html,6,html,ae662bfe,d3kong,2025-04-08,14:39:52,-07:00,2025-04-08T14:39:52-07:00,0,22
projects/index.html,7,html,b961daf8,d3kong,2025-04-08,15:09:14,-07:00,2025-04-08T15:09:14-07:00,0,50
projects/index.html,8,html,974b3642,d3kong,2025-04-16,21:34:55,-07:00,2025-04-16T21:34:55-07:00,0,57
projects/index.html,9,html,ae662bfe,d3kong,2025-04-08,14:39:52,-07:00,2025-04-08T14:39:52-07:00,0,6
projects/index.html,10,html,ae662bfe,d3kong,2025-04-08,14:39:52,-07:00,2025-04-08T14:39:52-07:00,0,5
projects/index.html,11,html,ae662bfe,d3kong,2025-04-08,14:39:52,-07:00,2025-04-08T14:39:52-07:00,0,4
projects/index.html,12,html,ae662bfe,d3kong,2025-04-08,14:39:52,-07:00,2025-04-08T14:39:52-07:00,0,3
projects/index.html,13,html,ae662bfe,d3kong,2025-04-08,14:39:52,-07:00,2025-04-08T14:39:52-07:00,0,48
projects/index.html,14,html,ae662bfe,d3kong,2025-04-08,14:39:52,-07:00,2025-04-08T14:39:52-07:00,0,61
projects/index.html,15,html,ae662bfe,d3kong,2025-04-08,14:39:52,-07:00,2025-04-08T14:39:52-07:00,0,59
projects/index.html,16,html,974b3642,d3kong,2025-04-16,21:34:55,-07:00,2025-04-16T21:34:55-07:00,0,57
projects/index.html,17,html,3f552309,d3kong,2025-04-16,21:40:44,-07:00,2025-04-16T21:40:44-07:00,0,73
projects/index.html,18,html,ae662bfe,d3kong,2025-04-08,14:39:52,-07:00,2025-04-08T14:39:52-07:00,0,4
projects/index.html,19,html,ae662bfe,d3kong,2025-04-08,14:39:52,-07:00,2025-04-08T14:39:52-07:00,0,5
projects/index.html,20,html,035bff1f,d3kong,2025-04-23,18:26:41,-07:00,2025-04-23T18:26:41-07:00,0,35
projects/index.html,21,html,265b8aad,d3kong,2025-05-02,22:08:55,-07:00,2025-05-02T22:08:55-07:00,0,70
projects/index.html,22,html,b97a64ae,d3kong,2025-04-23,17:24:53,-07:00,2025-04-23T17:24:53-07:00,0,27
projects/index.html,23,html,035bff1f,d3kong,2025-04-23,18:26:41,-07:00,2025-04-23T18:26:41-07:00,0,0
projects/index.html,24,html,dc83a9c4,d3kong,2025-04-16,21:53:20,-07:00,2025-04-16T21:53:20-07:00,0,50
projects/index.html,25,html,0ebfb056,d3kong,2025-05-02,22:04:40,-07:00,2025-05-02T22:04:40-07:00,0,0
projects/index.html,26,html,035bff1f,d3kong,2025-04-23,18:26:41,-07:00,2025-04-23T18:26:41-07:00,0,68
projects/index.html,27,html,31696827,d3kong,2025-04-30,15:36:48,-07:00,2025-04-30T15:36:48-07:00,0,49
projects/index.html,28,html,31696827,d3kong,2025-04-30,15:36:48,-07:00,2025-04-30T15:36:48-07:00,0,69
projects/index.html,29,html,31696827,d3kong,2025-04-30,15:36:48,-07:00,2025-04-30T15:36:48-07:00,0,5
projects/index.html,30,html,31696827,d3kong,2025-04-30,15:36:48,-07:00,2025-04-30T15:36:48-07:00,0,23
projects/index.html,31,html,0ebfb056,d3kong,2025-05-02,22:04:40,-07:00,2025-05-02T22:04:40-07:00,0,0
projects/index.html,32,html,0ebfb056,d3kong,2025-05-02,22:04:40,-07:00,2025-05-02T22:04:40-07:00,0,22
projects/index.html,33,html,0ebfb056,d3kong,2025-05-02,22:04:40,-07:00,2025-05-02T22:04:40-07:00,0,49
projects/index.html,34,html,0ebfb056,d3kong,2025-05-02,22:04:40,-07:00,2025-05-02T22:04:40-07:00,0,36
projects/index.html,35,html,0ebfb056,d3kong,2025-05-02,22:04:40,-07:00,2025-05-02T22:04:40-07:00,0,5
projects/index.html,36,html,0ebfb056,d3kong,2025-05-02,22:04:40,-07:00,2025-05-02T22:04:40-07:00,0,23
projects/index.html,37,html,0ebfb056,d3kong,2025-05-02,22:04:40,-07:00,2025-05-02T22:04:40-07:00,0,5
projects/index.html,38,html,ae662bfe,d3kong,2025-04-08,14:39:52,-07:00,2025-04-08T14:39:52-07:00,0,6
projects/index.html,39,html,ae662bfe,d3kong,2025-04-08,14:39:52,-07:00,2025-04-08T14:39:52-07:00,0,6
project2/project2_report.html,1,html,7870f4c1,d3kong,2025-04-29,18:14:34,-07:00,2025-04-29T18:14:34-07:00,0,14
project2/project2_report.html,2,html,7870f4c1,d3kong,2025-04-29,18:14:34,-07:00,2025-04-29T18:14:34-07:00,0,15
project2/project2_report.html,3,html,7870f4c1,d3kong,2025-04-29,18:14:34,-07:00,2025-04-29T18:14:34-07:00,0,5
project2/project2_report.html,4,html,7870f4c1,d3kong,2025-04-29,18:14:34,-07:00,2025-04-29T18:14:34-07:00,0,30
project2/project2_report.html,5,html,7870f4c1,d3kong,2025-04-29,18:14:34,-07:00,2025-04-29T18:14:34-07:00,0,6
project2/project2_report.html,6,html,7870f4c1,d3kong,2025-04-29,18:14:34,-07:00,2025-04-29T18:14:34-07:00,0,6
project2/project2_report.html,7,html,7870f4c1,d3kong,2025-04-29,18:14:34,-07:00,2025-04-29T18:14:34-07:00,0,36
project2/project2_report.html,8,html,7870f4c1,d3kong,2025-04-29,18:14:34,-07:00,2025-04-29T18:14:34-07:00,0,36
project2/project2_report.html,9,html,7870f4c1,d3kong,2025-04-29,18:14:34,-07:00,2025-04-29T18:14:34-07:00,0,36
project2/project2_report.html,10,html,7870f4c1,d3kong,2025-04-29,18:14:34,-07:00,2025-04-29T18:14:34-07:00,0,36
project2/project2_report.html,11,html,7870f4c1,d3kong,2025-04-29,18:14:34,-07:00,2025-04-29T18:14:34-07:00,0,36
project2/project2_report.html,12,html,7870f4c1,d3kong,2025-04-29,18:14:34,-07:00,2025-04-29T18:14:34-07:00,0,36
project2/project2_report.html,13,html,7870f4c1,d3kong,2025-04-29,18:14:34,-07:00,2025-04-29T18:14:34-07:00,0,36
project2/project2_report.html,14,html,7870f4c1,d3kong,2025-04-29,18:14:34,-07:00,2025-04-29T18:14:34-07:00,0,36
project2/project2_report.html,15,html,7870f4c1,d3kong,2025-04-29,18:14:34,-07:00,2025-04-29T18:14:34-07:00,0,36
project2/project2_report.html,16,html,7870f4c1,d3kong,2025-04-29,18:14:34,-07:00,2025-04-29T18:14:34-07:00,0,36
project2/project2_report.html,17,html,7870f4c1,d3kong,2025-04-29,18:14:34,-07:00,2025-04-29T18:14:34-07:00,0,0
project2/project2_report.html,18,html,7870f4c1,d3kong,2025-04-29,18:14:34,-07:00,2025-04-29T18:14:34-07:00,0,0
project2/project2_report.html,19,html,7870f4c1,d3kong,2025-04-29,18:14:34,-07:00,2025-04-29T18:14:34-07:00,0,5
project2/project2_report.html,20,html,7870f4c1,d3kong,2025-04-29,18:14:34,-07:00,2025-04-29T18:14:34-07:00,0,24
project2/project2_report.html,21,html,c73acdd8,d3kong,2025-04-29,18:14:36,-07:00,2025-04-29T18:14:36-07:00,0,21
project2/project2_report.html,22,html,7870f4c1,d3kong,2025-04-29,18:14:34,-07:00,2025-04-29T18:14:34-07:00,0,35
project2/project2_report.html,23,html,7870f4c1,d3kong,2025-04-29,18:14:34,-07:00,2025-04-29T18:14:34-07:00,0,26
project2/project2_report.html,24,html,7870f4c1,d3kong,2025-04-29,18:14:34,-07:00,2025-04-29T18:14:34-07:00,0,14
project2/project2_report.html,25,html,7870f4c1,d3kong,2025-04-29,18:14:34,-07:00,2025-04-29T18:14:34-07:00,0,0
project2/project2_report.html,26,html,7870f4c1,d3kong,2025-04-29,18:14:34,-07:00,2025-04-29T18:14:34-07:00,0,0
project2/project2_report.html,27,html,7870f4c1,d3kong,2025-04-29,18:14:34,-07:00,2025-04-29T18:14:34-07:00,0,13
project2/project2_report.html,28,html,7870f4c1,d3kong,2025-04-29,18:14:34,-07:00,2025-04-29T18:14:34-07:00,0,0
project2/project2_report.html,29,html,7870f4c1,d3kong,2025-04-29,18:14:34,-07:00,2025-04-29T18:14:34-07:00,0,2
project2/project2_report.html,30,html,7870f4c1,d3kong,2025-04-29,18:14:34,-07:00,2025-04-29T18:14:34-07:00,0,2
project2/project2_report.html,31,html,7870f4c1,d3kong,2025-04-29,18:14:34,-07:00,2025-04-29T18:14:34-07:00,0,2
project2/project2_report.html,32,html,7870f4c1,d3kong,2025-04-29,18:14:34,-07:00,2025-04-29T18:14:34-07:00,0,2
project2/project2_report.html,33,html,7870f4c1,d3kong,2025-04-29,18:14:34,-07:00,2025-04-29T18:14:34-07:00,0,2
project2/project2_report.html,34,html,7870f4c1,d3kong,2025-04-29,18:14:34,-07:00,2025-04-29T18:14:34-07:00,0,3
project2/project2_report.html,35,html,7870f4c1,d3kong,2025-04-29,18:14:34,-07:00,2025-04-29T18:14:34-07:00,0,16
project2/project2_report.html,36,html,7870f4c1,d3kong,2025-04-29,18:14:34,-07:00,2025-04-29T18:14:34-07:00,0,16
project2/project2_report.html,37,html,7870f4c1,d3kong,2025-04-29,18:14:34,-07:00,2025-04-29T18:14:34-07:00,0,18
project2/project2_report.html,38,html,7870f4c1,d3kong,2025-04-29,18:14:34,-07:00,2025-04-29T18:14:34-07:00,0,0
project2/project2_report.html,39,html,7870f4c1,d3kong,2025-04-29,18:14:34,-07:00,2025-04-29T18:14:34-07:00,0,0
project2/project2_report.html,40,html,7870f4c1,d3kong,2025-04-29,18:14:34,-07:00,2025-04-29T18:14:34-07:00,0,2
project2/project2_report.html,41,html,7870f4c1,d3kong,2025-04-29,18:14:34,-07:00,2025-04-29T18:14:34-07:00,0,3
project2/project2_report.html,42,html,7870f4c1,d3kong,2025-04-29,18:14:34,-07:00,2025-04-29T18:14:34-07:00,0,48
project2/project2_report.html,43,html,7870f4c1,d3kong,2025-04-29,18:14:34,-07:00,2025-04-29T18:14:34-07:00,0,21
project2/project2_report.html,44,html,7870f4c1,d3kong,2025-04-29,18:14:34,-07:00,2025-04-29T18:14:34-07:00,0,0
project2/project2_report.html,45,html,7870f4c1,d3kong,2025-04-29,18:14:34,-07:00,2025-04-29T18:14:34-07:00,0,0
project2/project2_report.html,46,html,7870f4c1,d3kong,2025-04-29,18:14:34,-07:00,2025-04-29T18:14:34-07:00,0,3
project2/project2_report.html,47,html,7870f4c1,d3kong,2025-04-29,18:14:34,-07:00,2025-04-29T18:14:34-07:00,0,24
project2/project2_report.html,48,html,7870f4c1,d3kong,2025-04-29,18:14:34,-07:00,2025-04-29T18:14:34-07:00,0,49
project2/project2_report.html,49,html,7870f4c1,d3kong,2025-04-29,18:14:34,-07:00,2025-04-29T18:14:34-07:00,0,16
project2/project2_report.html,50,html,7870f4c1,d3kong,2025-04-29,18:14:34,-07:00,2025-04-29T18:14:34-07:00,0,0
project2/project2_report.html,51,html,7870f4c1,d3kong,2025-04-29,18:14:34,-07:00,2025-04-29T18:14:34-07:00,0,6
project2/project2_report.html,52,html,7870f4c1,d3kong,2025-04-29,18:14:34,-07:00,2025-04-29T18:14:34-07:00,0,14
project2/project2_report.html,53,html,7870f4c1,d3kong,2025-04-29,18:14:34,-07:00,2025-04-29T18:14:34-07:00,0,18
project2/project2_report.html,54,html,7870f4c1,d3kong,2025-04-29,18:14:34,-07:00,2025-04-29T18:14:34-07:00,0,20
project2/project2_report.html,55,html,7870f4c1,d3kong,2025-04-29,18:14:34,-07:00,2025-04-29T18:14:34-07:00,0,19
project2/project2_report.html,56,html,7870f4c1,d3kong,2025-04-29,18:14:34,-07:00,2025-04-29T18:14:34-07:00,0,12
project2/project2_report.html,57,html,7870f4c1,d3kong,2025-04-29,18:14:34,-07:00,2025-04-29T18:14:34-07:00,0,35
project2/project2_report.html,58,html,7870f4c1,d3kong,2025-04-29,18:14:34,-07:00,2025-04-29T18:14:34-07:00,0,14
project2/project2_report.html,59,html,7870f4c1,d3kong,2025-04-29,18:14:34,-07:00,2025-04-29T18:14:34-07:00,0,25
project2/project2_report.html,60,html,7870f4c1,d3kong,2025-04-29,18:14:34,-07:00,2025-04-29T18:14:34-07:00,0,19
project2/project2_report.html,61,html,7870f4c1,d3kong,2025-04-29,18:14:34,-07:00,2025-04-29T18:14:34-07:00,0,0
project2/project2_report.html,62,html,7870f4c1,d3kong,2025-04-29,18:14:34,-07:00,2025-04-29T18:14:34-07:00,0,0
project2/project2_report.html,63,html,7870f4c1,d3kong,2025-04-29,18:14:34,-07:00,2025-04-29T18:14:34-07:00,0,0
project2/project2_report.html,64,html,7870f4c1,d3kong,2025-04-29,18:14:34,-07:00,2025-04-29T18:14:34-07:00,0,3
project2/project2_report.html,65,html,7870f4c1,d3kong,2025-04-29,18:14:34,-07:00,2025-04-29T18:14:34-07:00,0,15
project2/project2_report.html,66,html,7870f4c1,d3kong,2025-04-29,18:14:34,-07:00,2025-04-29T18:14:34-07:00,0,30
project2/project2_report.html,67,html,7870f4c1,d3kong,2025-04-29,18:14:34,-07:00,2025-04-29T18:14:34-07:00,0,0
project2/project2_report.html,68,html,7870f4c1,d3kong,2025-04-29,18:14:34,-07:00,2025-04-29T18:14:34-07:00,0,0
project2/project2_report.html,69,html,7870f4c1,d3kong,2025-04-29,18:14:34,-07:00,2025-04-29T18:14:34-07:00,0,3
project2/project2_report.html,70,html,7870f4c1,d3kong,2025-04-29,18:14:34,-07:00,2025-04-29T18:14:34-07:00,0,15
project2/project2_report.html,71,html,7870f4c1,d3kong,2025-04-29,18:14:34,-07:00,2025-04-29T18:14:34-07:00,0,0
project2/project2_report.html,72,html,7870f4c1,d3kong,2025-04-29,18:14:34,-07:00,2025-04-29T18:14:34-07:00,0,0
project2/project2_report.html,73,html,7870f4c1,d3kong,2025-04-29,18:14:34,-07:00,2025-04-29T18:14:34-07:00,0,10
project2/project2_report.html,74,html,7870f4c1,d3kong,2025-04-29,18:14:34,-07:00,2025-04-29T18:14:34-07:00,0,0
project2/project2_report.html,75,html,7870f4c1,d3kong,2025-04-29,18:14:34,-07:00,2025-04-29T18:14:34-07:00,0,2
project2/project2_report.html,76,html,7870f4c1,d3kong,2025-04-29,18:14:34,-07:00,2025-04-29T18:14:34-07:00,0,3
project2/project2_report.html,77,html,7870f4c1,d3kong,2025-04-29,18:14:34,-07:00,2025-04-29T18:14:34-07:00,0,25
project2/project2_report.html,78,html,7870f4c1,d3kong,2025-04-29,18:14:34,-07:00,2025-04-29T18:14:34-07:00,0,0
project2/project2_report.html,79,html,7870f4c1,d3kong,2025-04-29,18:14:34,-07:00,2025-04-29T18:14:34-07:00,0,0
project2/project2_report.html,80,html,7870f4c1,d3kong,2025-04-29,18:14:34,-07:00,2025-04-29T18:14:34-07:00,0,3
project2/project2_report.html,81,html,7870f4c1,d3kong,2025-04-29,18:14:34,-07:00,2025-04-29T18:14:34-07:00,0,10
project2/project2_report.html,82,html,7870f4c1,d3kong,2025-04-29,18:14:34,-07:00,2025-04-29T18:14:34-07:00,0,30
project2/project2_report.html,83,html,7870f4c1,d3kong,2025-04-29,18:14:34,-07:00,2025-04-29T18:14:34-07:00,0,0
project2/project2_report.html,84,html,7870f4c1,d3kong,2025-04-29,18:14:34,-07:00,2025-04-29T18:14:34-07:00,0,0
project2/project2_report.html,85,html,7870f4c1,d3kong,2025-04-29,18:14:34,-07:00,2025-04-29T18:14:34-07:00,0,5
project2/project2_report.html,86,html,7870f4c1,d3kong,2025-04-29,18:14:34,-07:00,2025-04-29T18:14:34-07:00,0,17
project2/project2_report.html,87,html,7870f4c1,d3kong,2025-04-29,18:14:34,-07:00,2025-04-29T18:14:34-07:00,0,0
project2/project2_report.html,88,html,7870f4c1,d3kong,2025-04-29,18:14:34,-07:00,2025-04-29T18:14:34-07:00,0,0
project2/project2_report.html,89,html,7870f4c1,d3kong,2025-04-29,18:14:34,-07:00,2025-04-29T18:14:34-07:00,0,0
project2/project2_report.html,90,html,7870f4c1,d3kong,2025-04-29,18:14:34,-07:00,2025-04-29T18:14:34-07:00,0,24
project2/project2_report.html,91,html,7870f4c1,d3kong,2025-04-29,18:14:34,-07:00,2025-04-29T18:14:34-07:00,0,0
project2/project2_report.html,92,html,7870f4c1,d3kong,2025-04-29,18:14:34,-07:00,2025-04-29T18:14:34-07:00,0,7
project2/project2_report.html,93,html,7870f4c1,d3kong,2025-04-29,18:14:34,-07:00,2025-04-29T18:14:34-07:00,0,18
project2/project2_report.html,94,html,7870f4c1,d3kong,2025-04-29,18:14:34,-07:00,2025-04-29T18:14:34-07:00,0,18
project2/project2_report.html,95,html,7870f4c1,d3kong,2025-04-29,18:14:34,-07:00,2025-04-29T18:14:34-07:00,0,0
project2/project2_report.html,96,html,7870f4c1,d3kong,2025-04-29,18:14:34,-07:00,2025-04-29T18:14:34-07:00,0,0
project2/project2_report.html,97,html,7870f4c1,d3kong,2025-04-29,18:14:34,-07:00,2025-04-29T18:14:34-07:00,0,5
project2/project2_report.html,98,html,7870f4c1,d3kong,2025-04-29,18:14:34,-07:00,2025-04-29T18:14:34-07:00,0,17
project2/project2_report.html,99,html,7870f4c1,d3kong,2025-04-29,18:14:34,-07:00,2025-04-29T18:14:34-07:00,0,30
project2/project2_report.html,100,html,7870f4c1,d3kong,2025-04-29,18:14:34,-07:00,2025-04-29T18:14:34-07:00,0,19
project2/project2_report.html,101,html,7870f4c1,d3kong,2025-04-29,18:14:34,-07:00,2025-04-29T18:14:34-07:00,0,20
project2/project2_report.html,102,html,7870f4c1,d3kong,2025-04-29,18:14:34,-07:00,2025-04-29T18:14:34-07:00,0,0
project2/project2_report.html,103,html,7870f4c1,d3kong,2025-04-29,18:14:34,-07:00,2025-04-29T18:14:34-07:00,0,0
project2/project2_report.html,104,html,7870f4c1,d3kong,2025-04-29,18:14:34,-07:00,2025-04-29T18:14:34-07:00,0,12
project2/project2_report.html,105,html,7870f4c1,d3kong,2025-04-29,18:14:34,-07:00,2025-04-29T18:14:34-07:00,0,0
project2/project2_report.html,106,html,7870f4c1,d3kong,2025-04-29,18:14:34,-07:00,2025-04-29T18:14:34-07:00,0,7
project2/project2_report.html,107,html,7870f4c1,d3kong,2025-04-29,18:14:34,-07:00,2025-04-29T18:14:34-07:00,0,13
project2/project2_report.html,108,html,7870f4c1,d3kong,2025-04-29,18:14:34,-07:00,2025-04-29T18:14:34-07:00,0,15
project2/project2_report.html,109,html,7870f4c1,d3kong,2025-04-29,18:14:34,-07:00,2025-04-29T18:14:34-07:00,0,21
project2/project2_report.html,110,html,7870f4c1,d3kong,2025-04-29,18:14:34,-07:00,2025-04-29T18:14:34-07:00,0,41
project2/project2_report.html,111,html,7870f4c1,d3kong,2025-04-29,18:14:34,-07:00,2025-04-29T18:14:34-07:00,0,49
project2/project2_report.html,112,html,7870f4c1,d3kong,2025-04-29,18:14:34,-07:00,2025-04-29T18:14:34-07:00,0,18
project2/project2_report.html,113,html,7870f4c1,d3kong,2025-04-29,18:14:34,-07:00,2025-04-29T18:14:34-07:00,0,17
project2/project2_report.html,114,html,7870f4c1,d3kong,2025-04-29,18:14:34,-07:00,2025-04-29T18:14:34-07:00,0,0
project2/project2_report.html,115,html,7870f4c1,d3kong,2025-04-29,18:14:34,-07:00,2025-04-29T18:14:34-07:00,0,13
project2/project2_report.html,116,html,7870f4c1,d3kong,2025-04-29,18:14:34,-07:00,2025-04-29T18:14:34-07:00,0,30
project2/project2_report.html,117,html,7870f4c1,d3kong,2025-04-29,18:14:34,-07:00,2025-04-29T18:14:34-07:00,0,35
project2/project2_report.html,118,html,7870f4c1,d3kong,2025-04-29,18:14:34,-07:00,2025-04-29T18:14:34-07:00,0,15
project2/project2_report.html,119,html,7870f4c1,d3kong,2025-04-29,18:14:34,-07:00,2025-04-29T18:14:34-07:00,0,15
project2/project2_report.html,120,html,7870f4c1,d3kong,2025-04-29,18:14:34,-07:00,2025-04-29T18:14:34-07:00,0,18
project2/project2_report.html,121,html,7870f4c1,d3kong,2025-04-29,18:14:34,-07:00,2025-04-29T18:14:34-07:00,0,25
project2/project2_report.html,122,html,7870f4c1,d3kong,2025-04-29,18:14:34,-07:00,2025-04-29T18:14:34-07:00,0,16
project2/project2_report.html,123,html,7870f4c1,d3kong,2025-04-29,18:14:34,-07:00,2025-04-29T18:14:34-07:00,0,0
project2/project2_report.html,124,html,7870f4c1,d3kong,2025-04-29,18:14:34,-07:00,2025-04-29T18:14:34-07:00,0,10
project2/project2_report.html,125,html,7870f4c1,d3kong,2025-04-29,18:14:34,-07:00,2025-04-29T18:14:34-07:00,0,39
project2/project2_report.html,126,html,7870f4c1,d3kong,2025-04-29,18:14:34,-07:00,2025-04-29T18:14:34-07:00,0,17
project2/project2_report.html,127,html,7870f4c1,d3kong,2025-04-29,18:14:34,-07:00,2025-04-29T18:14:34-07:00,0,30
project2/project2_report.html,128,html,7870f4c1,d3kong,2025-04-29,18:14:34,-07:00,2025-04-29T18:14:34-07:00,0,0
project2/project2_report.html,129,html,7870f4c1,d3kong,2025-04-29,18:14:34,-07:00,2025-04-29T18:14:34-07:00,0,0
project2/project2_report.html,130,html,7870f4c1,d3kong,2025-04-29,18:14:34,-07:00,2025-04-29T18:14:34-07:00,0,31
project2/project2_report.html,131,html,7870f4c1,d3kong,2025-04-29,18:14:34,-07:00,2025-04-29T18:14:34-07:00,0,14
project2/project2_report.html,132,html,7870f4c1,d3kong,2025-04-29,18:14:34,-07:00,2025-04-29T18:14:34-07:00,0,26
project2/project2_report.html,133,html,7870f4c1,d3kong,2025-04-29,18:14:34,-07:00,2025-04-29T18:14:34-07:00,0,32
project2/project2_report.html,134,html,7870f4c1,d3kong,2025-04-29,18:14:34,-07:00,2025-04-29T18:14:34-07:00,0,6
project2/project2_report.html,135,html,7870f4c1,d3kong,2025-04-29,18:14:34,-07:00,2025-04-29T18:14:34-07:00,0,12
project2/project2_report.html,136,html,7870f4c1,d3kong,2025-04-29,18:14:34,-07:00,2025-04-29T18:14:34-07:00,0,14
project2/project2_report.html,137,html,7870f4c1,d3kong,2025-04-29,18:14:34,-07:00,2025-04-29T18:14:34-07:00,0,1
project2/project2_report.html,138,html,7870f4c1,d3kong,2025-04-29,18:14:34,-07:00,2025-04-29T18:14:34-07:00,0,0
project2/project2_report.html,139,html,7870f4c1,d3kong,2025-04-29,18:14:34,-07:00,2025-04-29T18:14:34-07:00,0,0
project2/project2_report.html,140,html,7870f4c1,d3kong,2025-04-29,18:14:34,-07:00,2025-04-29T18:14:34-07:00,0,0
project2/project2_report.html,141,html,7870f4c1,d3kong,2025-04-29,18:14:34,-07:00,2025-04-29T18:14:34-07:00,0,7
project2/project2_report.html,142,html,7870f4c1,d3kong,2025-04-29,18:14:34,-07:00,2025-04-29T18:14:34-07:00,0,6
project2/project2_report.html,143,html,7870f4c1,d3kong,2025-04-29,18:14:34,-07:00,2025-04-29T18:14:34-07:00,0,0
project2/project2_report.html,144,html,7870f4c1,d3kong,2025-04-29,18:14:34,-07:00,2025-04-29T18:14:34-07:00,0,5
project2/project2_report.html,145,html,7870f4c1,d3kong,2025-04-29,18:14:34,-07:00,2025-04-29T18:14:34-07:00,0,7
project2/project2_report.html,146,html,7870f4c1,d3kong,2025-04-29,18:14:34,-07:00,2025-04-29T18:14:34-07:00,0,3
project2/project2_report.html,147,html,7870f4c1,d3kong,2025-04-29,18:14:34,-07:00,2025-04-29T18:14:34-07:00,0,26
project2/project2_report.html,148,html,7870f4c1,d3kong,2025-04-29,18:14:34,-07:00,2025-04-29T18:14:34-07:00,0,37
project2/project2_report.html,149,html,7870f4c1,d3kong,2025-04-29,18:14:34,-07:00,2025-04-29T18:14:34-07:00,0,4
project2/project2_report.html,150,html,7870f4c1,d3kong,2025-04-29,18:14:34,-07:00,2025-04-29T18:14:34-07:00,0,0
project2/project2_report.html,151,html,7870f4c1,d3kong,2025-04-29,18:14:34,-07:00,2025-04-29T18:14:34-07:00,0,61
project2/project2_report.html,152,html,7870f4c1,d3kong,2025-04-29,18:14:34,-07:00,2025-04-29T18:14:34-07:00,0,8
project2/project2_report.html,153,html,7870f4c1,d3kong,2025-04-29,18:14:34,-07:00,2025-04-29T18:14:34-07:00,0,0
project2/project2_report.html,154,html,7870f4c1,d3kong,2025-04-29,18:14:34,-07:00,2025-04-29T18:14:34-07:00,0,5
project2/project2_report.html,155,html,7870f4c1,d3kong,2025-04-29,18:14:34,-07:00,2025-04-29T18:14:34-07:00,0,64
project2/project2_report.html,156,html,7870f4c1,d3kong,2025-04-29,18:14:34,-07:00,2025-04-29T18:14:34-07:00,0,0
project2/project2_report.html,157,html,7870f4c1,d3kong,2025-04-29,18:14:34,-07:00,2025-04-29T18:14:34-07:00,0,8
project2/project2_report.html,158,html,7870f4c1,d3kong,2025-04-29,18:14:34,-07:00,2025-04-29T18:14:34-07:00,0,27
project2/project2_report.html,159,html,7870f4c1,d3kong,2025-04-29,18:14:34,-07:00,2025-04-29T18:14:34-07:00,0,0
project2/project2_report.html,160,html,7870f4c1,d3kong,2025-04-29,18:14:34,-07:00,2025-04-29T18:14:34-07:00,0,7
project2/project2_report.html,161,html,e7f1368b,d3kong,2025-04-29,18:22:12,-07:00,2025-04-29T18:22:12-07:00,0,95
project2/project2_report.html,162,html,7870f4c1,d3kong,2025-04-29,18:14:34,-07:00,2025-04-29T18:14:34-07:00,0,11
project2/project2_report.html,163,html,7870f4c1,d3kong,2025-04-29,18:14:34,-07:00,2025-04-29T18:14:34-07:00,0,99
project2/project2_report.html,164,html,7870f4c1,d3kong,2025-04-29,18:14:34,-07:00,2025-04-29T18:14:34-07:00,0,83
project2/project2_report.html,165,html,7870f4c1,d3kong,2025-04-29,18:14:34,-07:00,2025-04-29T18:14:34-07:00,0,95
project2/project2_report.html,166,html,7870f4c1,d3kong,2025-04-29,18:14:34,-07:00,2025-04-29T18:14:34-07:00,0,65
project2/project2_report.html,167,html,7870f4c1,d3kong,2025-04-29,18:14:34,-07:00,2025-04-29T18:14:34-07:00,0,12
project2/project2_report.html,168,html,7870f4c1,d3kong,2025-04-29,18:14:34,-07:00,2025-04-29T18:14:34-07:00,0,8
project2/project2_report.html,169,html,7870f4c1,d3kong,2025-04-29,18:14:34,-07:00,2025-04-29T18:14:34-07:00,0,0
project2/project2_report.html,170,html,7870f4c1,d3kong,2025-04-29,18:14:34,-07:00,2025-04-29T18:14:34-07:00,0,37
project2/project2_report.html,171,html,7870f4c1,d3kong,2025-04-29,18:14:34,-07:00,2025-04-29T18:14:34-07:00,0,0
project2/project2_report.html,172,html,7870f4c1,d3kong,2025-04-29,18:14:34,-07:00,2025-04-29T18:14:34-07:00,0,3
project2/project2_report.html,173,html,7870f4c1,d3kong,2025-04-29,18:14:34,-07:00,2025-04-29T18:14:34-07:00,0,65
project2/project2_report.html,174,html,7870f4c1,d3kong,2025-04-29,18:14:34,-07:00,2025-04-29T18:14:34-07:00,0,125
project2/project2_report.html,175,html,7870f4c1,d3kong,2025-04-29,18:14:34,-07:00,2025-04-29T18:14:34-07:00,0,57
project2/project2_report.html,176,html,7870f4c1,d3kong,2025-04-29,18:14:34,-07:00,2025-04-29T18:14:34-07:00,0,4
project2/project2_report.html,177,html,7870f4c1,d3kong,2025-04-29,18:14:34,-07:00,2025-04-29T18:14:34-07:00,0,9
project2/project2_report.html,178,html,7870f4c1,d3kong,2025-04-29,18:14:34,-07:00,2025-04-29T18:14:34-07:00,0,0
project2/project2_report.html,179,html,7870f4c1,d3kong,2025-04-29,18:14:34,-07:00,2025-04-29T18:14:34-07:00,0,8
project2/project2_report.html,180,html,7870f4c1,d3kong,2025-04-29,18:14:34,-07:00,2025-04-29T18:14:34-07:00,0,31
project2/project2_report.html,181,html,7870f4c1,d3kong,2025-04-29,18:14:34,-07:00,2025-04-29T18:14:34-07:00,0,0
project2/project2_report.html,182,html,7870f4c1,d3kong,2025-04-29,18:14:34,-07:00,2025-04-29T18:14:34-07:00,0,7
project2/project2_report.html,183,html,e7f1368b,d3kong,2025-04-29,18:22:12,-07:00,2025-04-29T18:22:12-07:00,0,58
project2/project2_report.html,184,html,7870f4c1,d3kong,2025-04-29,18:14:34,-07:00,2025-04-29T18:14:34-07:00,0,11
project2/project2_report.html,185,html,7870f4c1,d3kong,2025-04-29,18:14:34,-07:00,2025-04-29T18:14:34-07:00,0,95
project2/project2_report.html,186,html,7870f4c1,d3kong,2025-04-29,18:14:34,-07:00,2025-04-29T18:14:34-07:00,0,104
project2/project2_report.html,187,html,7870f4c1,d3kong,2025-04-29,18:14:34,-07:00,2025-04-29T18:14:34-07:00,0,99
project2/project2_report.html,188,html,7870f4c1,d3kong,2025-04-29,18:14:34,-07:00,2025-04-29T18:14:34-07:00,0,82
project2/project2_report.html,189,html,7870f4c1,d3kong,2025-04-29,18:14:34,-07:00,2025-04-29T18:14:34-07:00,0,12
project2/project2_report.html,190,html,7870f4c1,d3kong,2025-04-29,18:14:34,-07:00,2025-04-29T18:14:34-07:00,0,8
project2/project2_report.html,191,html,7870f4c1,d3kong,2025-04-29,18:14:34,-07:00,2025-04-29T18:14:34-07:00,0,0
project2/project2_report.html,192,html,7870f4c1,d3kong,2025-04-29,18:14:34,-07:00,2025-04-29T18:14:34-07:00,0,37
project2/project2_report.html,193,html,7870f4c1,d3kong,2025-04-29,18:14:34,-07:00,2025-04-29T18:14:34-07:00,0,0
project2/project2_report.html,194,html,7870f4c1,d3kong,2025-04-29,18:14:34,-07:00,2025-04-29T18:14:34-07:00,0,3
project2/project2_report.html,195,html,7870f4c1,d3kong,2025-04-29,18:14:34,-07:00,2025-04-29T18:14:34-07:00,0,40
project2/project2_report.html,196,html,7870f4c1,d3kong,2025-04-29,18:14:34,-07:00,2025-04-29T18:14:34-07:00,0,123
project2/project2_report.html,197,html,7870f4c1,d3kong,2025-04-29,18:14:34,-07:00,2025-04-29T18:14:34-07:00,0,93
project2/project2_report.html,198,html,7870f4c1,d3kong,2025-04-29,18:14:34,-07:00,2025-04-29T18:14:34-07:00,0,4
project2/project2_report.html,199,html,7870f4c1,d3kong,2025-04-29,18:14:34,-07:00,2025-04-29T18:14:34-07:00,0,9
project2/project2_report.html,200,html,7870f4c1,d3kong,2025-04-29,18:14:34,-07:00,2025-04-29T18:14:34-07:00,0,0
project2/project2_report.html,201,html,7870f4c1,d3kong,2025-04-29,18:14:34,-07:00,2025-04-29T18:14:34-07:00,0,8
project2/project2_report.html,202,html,7870f4c1,d3kong,2025-04-29,18:14:34,-07:00,2025-04-29T18:14:34-07:00,0,24
project2/project2_report.html,203,html,7870f4c1,d3kong,2025-04-29,18:14:34,-07:00,2025-04-29T18:14:34-07:00,0,0
project2/project2_report.html,204,html,7870f4c1,d3kong,2025-04-29,18:14:34,-07:00,2025-04-29T18:14:34-07:00,0,2
project2/project2_report.html,205,html,7870f4c1,d3kong,2025-04-29,18:14:34,-07:00,2025-04-29T18:14:34-07:00,0,604
project2/project2_report.html,206,html,7870f4c1,d3kong,2025-04-29,18:14:34,-07:00,2025-04-29T18:14:34-07:00,0,3
project2/project2_report.html,207,html,7870f4c1,d3kong,2025-04-29,18:14:34,-07:00,2025-04-29T18:14:34-07:00,0,2
project2/project2_report.html,208,html,7870f4c1,d3kong,2025-04-29,18:14:34,-07:00,2025-04-29T18:14:34-07:00,0,292
project2/project2_report.html,209,html,7870f4c1,d3kong,2025-04-29,18:14:34,-07:00,2025-04-29T18:14:34-07:00,0,3
project2/project2_report.html,210,html,7870f4c1,d3kong,2025-04-29,18:14:34,-07:00,2025-04-29T18:14:34-07:00,0,2
project2/project2_report.html,211,html,7870f4c1,d3kong,2025-04-29,18:14:34,-07:00,2025-04-29T18:14:34-07:00,0,488
project2/project2_report.html,212,html,7870f4c1,d3kong,2025-04-29,18:14:34,-07:00,2025-04-29T18:14:34-07:00,0,3
project2/project2_report.html,213,html,7870f4c1,d3kong,2025-04-29,18:14:34,-07:00,2025-04-29T18:14:34-07:00,0,9
project2/project2_report.html,214,html,7870f4c1,d3kong,2025-04-29,18:14:34,-07:00,2025-04-29T18:14:34-07:00,0,6
project2/project2_report.html,215,html,7870f4c1,d3kong,2025-04-29,18:14:34,-07:00,2025-04-29T18:14:34-07:00,0,6
project2/project2_report.html,216,html,7870f4c1,d3kong,2025-04-29,18:14:34,-07:00,2025-04-29T18:14:34-07:00,0,6
lib/render-projects.js,1,js,f6862282,d3kong,2025-04-23,16:52:24,-07:00,2025-04-23T16:52:24-07:00,0,41
lib/render-projects.js,2,js,f6862282,d3kong,2025-04-23,16:52:24,-07:00,2025-04-23T16:52:24-07:00,0,48
lib/render-projects.js,3,js,f6862282,d3kong,2025-04-23,16:52:24,-07:00,2025-04-23T16:52:24-07:00,0,0
lib/render-projects.js,4,js,f6862282,d3kong,2025-04-23,16:52:24,-07:00,2025-04-23T16:52:24-07:00,0,36
lib/render-projects.js,5,js,f6862282,d3kong,2025-04-23,16:52:24,-07:00,2025-04-23T16:52:24-07:00,0,0
lib/render-projects.js,6,js,f6862282,d3kong,2025-04-23,16:52:24,-07:00,2025-04-23T16:52:24-07:00,0,61
lib/render-projects.js,7,js,f6862282,d3kong,2025-04-23,16:52:24,-07:00,2025-04-23T16:52:24-07:00,0,32
lib/render-projects.js,8,js,f6862282,d3kong,2025-04-23,16:52:24,-07:00,2025-04-23T16:52:24-07:00,0,49
lib/render-projects.js,9,js,f6862282,d3kong,2025-04-23,16:52:24,-07:00,2025-04-23T16:52:24-07:00,0,20
lib/render-projects.js,10,js,f6862282,d3kong,2025-04-23,16:52:24,-07:00,2025-04-23T16:52:24-07:00,0,24
lib/render-projects.js,11,js,f6862282,d3kong,2025-04-23,16:52:24,-07:00,2025-04-23T16:52:24-07:00,0,64
lib/render-projects.js,12,js,f6862282,d3kong,2025-04-23,16:52:24,-07:00,2025-04-23T16:52:24-07:00,0,28
lib/render-projects.js,13,js,f6862282,d3kong,2025-04-23,16:52:24,-07:00,2025-04-23T16:52:24-07:00,0,1
lib/render-projects.js,14,js,f6862282,d3kong,2025-04-23,16:52:24,-07:00,2025-04-23T16:52:24-07:00,0,30
lib/render-projects.js,15,js,f6862282,d3kong,2025-04-23,16:52:24,-07:00,2025-04-23T16:52:24-07:00,0,0
lib/render-projects.js,16,js,f6862282,d3kong,2025-04-23,16:52:24,-07:00,2025-04-23T16:52:24-07:00,0,2
lib/render-projects.js,17,js,f6862282,d3kong,2025-04-23,16:52:24,-07:00,2025-04-23T16:52:24-07:00,0,0
contact/index.html,1,html,ae662bfe,d3kong,2025-04-08,14:39:52,-07:00,2025-04-08T14:39:52-07:00,0,14
contact/index.html,2,html,38675606,d3kong,2025-04-16,22:07:15,-07:00,2025-04-16T22:07:15-07:00,0,34
contact/index.html,3,html,ae662bfe,d3kong,2025-04-08,14:39:52,-07:00,2025-04-08T14:39:52-07:00,0,5
contact/index.html,4,html,ae662bfe,d3kong,2025-04-08,14:39:52,-07:00,2025-04-08T14:39:52-07:00,0,21
contact/index.html,5,html,ae662bfe,d3kong,2025-04-08,14:39:52,-07:00,2025-04-08T14:39:52-07:00,0,69
contact/index.html,6,html,ae662bfe,d3kong,2025-04-08,14:39:52,-07:00,2025-04-08T14:39:52-07:00,0,21
contact/index.html,7,html,b961daf8,d3kong,2025-04-08,15:09:14,-07:00,2025-04-08T15:09:14-07:00,0,50
contact/index.html,8,html,a69aa8a3,d3kong,2025-04-16,20:43:20,-07:00,2025-04-16T20:43:20-07:00,0,57
contact/index.html,9,html,ae662bfe,d3kong,2025-04-08,14:39:52,-07:00,2025-04-08T14:39:52-07:00,0,6
contact/index.html,10,html,ae662bfe,d3kong,2025-04-08,14:39:52,-07:00,2025-04-08T14:39:52-07:00,0,5
contact/index.html,11,html,ae662bfe,d3kong,2025-04-08,14:39:52,-07:00,2025-04-08T14:39:52-07:00,0,4
contact/index.html,12,html,ae662bfe,d3kong,2025-04-08,14:39:52,-07:00,2025-04-08T14:39:52-07:00,0,3
contact/index.html,13,html,ae662bfe,d3kong,2025-04-08,14:39:52,-07:00,2025-04-08T14:39:52-07:00,0,48
contact/index.html,14,html,ae662bfe,d3kong,2025-04-08,14:39:52,-07:00,2025-04-08T14:39:52-07:00,0,61
contact/index.html,15,html,ae662bfe,d3kong,2025-04-08,14:39:52,-07:00,2025-04-08T14:39:52-07:00,0,59
contact/index.html,16,html,23531d3e,d3kong,2025-04-10,13:15:58,-07:00,2025-04-10T13:15:58-07:00,0,57
contact/index.html,17,html,cee55ff7,d3kong,2025-04-18,11:14:14,-07:00,2025-04-18T11:14:14-07:00,0,73
contact/index.html,18,html,ae662bfe,d3kong,2025-04-08,14:39:52,-07:00,2025-04-08T14:39:52-07:00,0,4
contact/index.html,19,html,ae662bfe,d3kong,2025-04-08,14:39:52,-07:00,2025-04-08T14:39:52-07:00,0,5
contact/index.html,20,html,ae662bfe,d3kong,2025-04-08,14:39:52,-07:00,2025-04-08T14:39:52-07:00,0,22
contact/index.html,21,html,ed9a8f4b,d3kong,2025-04-08,14:55:04,-07:00,2025-04-08T14:55:04-07:00,0,74
contact/index.html,22,html,196182cd,d3kong,2025-04-18,11:02:45,-07:00,2025-04-18T11:02:45-07:00,0,37
contact/index.html,23,html,196182cd,d3kong,2025-04-18,11:02:45,-07:00,2025-04-18T11:02:45-07:00,0,52
contact/index.html,24,html,ed9a8f4b,d3kong,2025-04-08,14:55:04,-07:00,2025-04-08T14:55:04-07:00,0,7
contact/index.html,25,html,ed9a8f4b,d3kong,2025-04-08,14:55:04,-07:00,2025-04-08T14:55:04-07:00,0,0
contact/index.html,26,html,196182cd,d3kong,2025-04-18,11:02:45,-07:00,2025-04-18T11:02:45-07:00,0,36
contact/index.html,27,html,196182cd,d3kong,2025-04-18,11:02:45,-07:00,2025-04-18T11:02:45-07:00,0,43
contact/index.html,28,html,ed9a8f4b,d3kong,2025-04-08,14:55:04,-07:00,2025-04-08T14:55:04-07:00,0,7
contact/index.html,29,html,ed9a8f4b,d3kong,2025-04-08,14:55:04,-07:00,2025-04-08T14:55:04-07:00,0,0
contact/index.html,30,html,196182cd,d3kong,2025-04-18,11:02:45,-07:00,2025-04-18T11:02:45-07:00,0,33
contact/index.html,31,html,196182cd,d3kong,2025-04-18,11:02:45,-07:00,2025-04-18T11:02:45-07:00,0,60
contact/index.html,32,html,ed9a8f4b,d3kong,2025-04-08,14:55:04,-07:00,2025-04-08T14:55:04-07:00,0,7
contact/index.html,33,html,ed9a8f4b,d3kong,2025-04-08,14:55:04,-07:00,2025-04-08T14:55:04-07:00,0,0
contact/index.html,34,html,ed9a8f4b,d3kong,2025-04-08,14:55:04,-07:00,2025-04-08T14:55:04-07:00,0,20
contact/index.html,35,html,ed9a8f4b,d3kong,2025-04-08,14:55:04,-07:00,2025-04-08T14:55:04-07:00,0,6
contact/index.html,36,html,dc83a9c4,d3kong,2025-04-16,21:53:20,-07:00,2025-04-16T21:53:20-07:00,0,0
contact/index.html,37,html,dc83a9c4,d3kong,2025-04-16,21:53:20,-07:00,2025-04-16T21:53:20-07:00,0,50
contact/index.html,38,html,ae662bfe,d3kong,2025-04-08,14:39:52,-07:00,2025-04-08T14:39:52-07:00,0,6
contact/index.html,39,html,ae662bfe,d3kong,2025-04-08,14:39:52,-07:00,2025-04-08T14:39:52-07:00,0,6
